tenure,salary,raise_pct,performance,overtime_hours,months_since_promotion,department,age,attendance_anomalies,attrition
23.8,19980.0,0.0,3,14.3,120.0,技术部,44.0,2,0
28.5,17509.0,3.6,2,19.1,120.0,人事部,54.0,2,0
6.6,9121.0,3.2,3,15.8,50.0,财务部,34.0,1,0
10.5,11241.0,8.3,4,56.6,108.0,市场部,36.0,1,0
27.4,17049.0,3.5,4,29.8,120.0,市场部,49.0,6,1
14.2,12497.0,5.8,4,19.5,43.0,运营部,39.0,2,0
21.1,23308.0,0.0,4,32.1,120.0,技术部,46.0,1,1
14.7,12807.0,2.9,2,43.4,109.0,人事部,37.0,2,0
0.0,9631.0,1.5,1,23.1,120.0,销售部,29.0,3,0
23.1,21053.0,11.4,4,48.0,120.0,技术部,47.0,1,0
0.0,8226.0,2.0,4,4.6,0.0,财务部,26.0,2,0
2.8,8164.0,4.2,4,53.4,28.0,运营部,29.0,3,0
12.5,9601.0,4.4,3,29.8,82.0,人事部,43.0,3,0
25.5,15688.0,0.0,3,29.0,120.0,人事部,47.0,2,0
30.6,17524.0,2.4,5,16.1,120.0,人事部,52.0,5,1
7.4,9163.0,5.2,3,5.4,55.0,人事部,31.0,2,0
0.8,9254.0,4.3,2,0.0,8.0,财务部,26.0,1,0
30.4,25264.0,0.0,4,14.7,120.0,技术部,54.0,0,1
0.0,6847.0,2.3,4,41.8,120.0,运营部,27.0,3,1
6.1,7731.0,7.1,5,10.8,120.0,市场部,29.0,3,1
11.0,9060.0,5.8,5,0.0,70.0,财务部,32.0,2,0
14.0,11900.0,7.7,4,11.8,53.0,市场部,39.0,3,1
21.7,17322.0,1.0,1,22.3,120.0,销售部,51.0,2,0
16.8,11241.0,7.8,3,23.1,86.0,运营部,47.0,2,0
16.2,11026.0,3.9,5,27.4,120.0,人事部,45.0,3,1
1.3,7547.0,8.8,3,50.7,8.0,财务部,28.0,0,0
5.3,11300.0,4.0,5,55.0,35.0,市场部,34.0,2,0
9.8,11633.0,0.0,4,70.1,78.0,人事部,38.0,2,1
4.2,8474.0,6.5,2,0.0,120.0,财务部,27.0,0,0
4.4,8281.0,2.7,4,12.9,120.0,市场部,31.0,0,1
2.8,7903.0,2.9,4,44.0,18.0,市场部,32.0,0,0
2.2,7659.0,0.0,2,20.9,15.0,销售部,26.0,1,0
12.2,15469.0,8.9,3,47.2,120.0,技术部,40.0,3,0
19.2,11938.0,2.4,4,34.1,120.0,财务部,45.0,1,0
0.0,6385.0,8.7,3,61.6,120.0,运营部,24.0,2,0
16.9,20143.0,2.7,3,50.9,115.0,技术部,38.0,2,0
20.0,13721.0,1.2,4,51.2,120.0,运营部,48.0,1,1
16.6,14602.0,8.0,4,21.8,120.0,人事部,47.0,2,0
27.3,15749.0,3.8,4,28.1,120.0,销售部,49.0,1,0
12.6,10950.0,3.8,5,23.9,116.0,财务部,37.0,3,1
28.4,26093.0,0.2,5,0.0,120.0,技术部,49.0,4,0
9.6,8941.0,2.6,3,59.4,84.0,人事部,30.0,0,0
2.1,9077.0,5.3,3,44.9,5.0,人事部,34.0,3,1
2.1,10262.0,0.1,4,23.1,20.0,市场部,28.0,3,0
12.7,16036.0,2.4,3,56.1,120.0,技术部,37.0,0,0
11.7,9619.0,2.7,4,17.4,87.0,运营部,35.0,4,0
0.0,8609.0,4.2,4,0.0,120.0,市场部,30.0,5,0
24.0,11724.0,8.4,3,50.1,120.0,运营部,47.0,4,0
3.3,7194.0,3.1,4,4.4,37.0,人事部,32.0,5,1
7.6,7349.0,1.9,4,26.1,120.0,人事部,31.0,2,0
5.2,9283.0,12.2,5,34.1,32.0,人事部,26.0,2,0
7.8,12882.0,2.7,3,37.7,33.0,销售部,36.0,0,0
12.0,10297.0,3.4,5,47.0,120.0,市场部,32.0,3,0
5.9,9133.0,2.9,2,41.6,56.0,市场部,34.0,2,0
7.0,10625.0,3.2,4,41.0,79.0,市场部,30.0,3,1
18.0,22241.0,4.2,5,14.2,120.0,技术部,47.0,2,0
23.8,15367.0,6.8,3,35.9,120.0,财务部,53.0,0,0
9.3,13955.0,5.2,2,0.0,29.0,技术部,38.0,5,0
22.7,15403.0,7.2,4,61.2,112.0,人事部,43.0,2,1
22.6,16843.0,7.1,4,1.9,120.0,人事部,51.0,2,0
23.1,17698.0,4.6,3,23.1,120.0,运营部,55.0,3,0
19.1,11657.0,5.1,4,3.6,60.0,人事部,42.0,2,1
27.7,14579.0,7.3,4,15.4,120.0,市场部,51.0,4,0
22.2,14265.0,0.7,3,30.3,120.0,运营部,52.0,3,0
26.1,15079.0,11.5,4,19.4,120.0,市场部,48.0,0,1
9.1,14427.0,2.5,3,52.9,79.0,销售部,37.0,1,0
0.0,5682.0,2.9,3,34.5,0.0,运营部,25.0,2,0
2.6,8397.0,0.4,4,20.7,13.0,市场部,23.0,3,0
11.4,18104.0,0.5,3,27.3,80.0,技术部,38.0,4,0
11.1,14193.0,6.9,5,54.4,67.0,市场部,38.0,1,0
11.4,11000.0,10.8,4,48.2,105.0,人事部,35.0,2,0
10.5,15900.0,2.3,4,7.2,42.0,销售部,41.0,2,1
18.0,11292.0,5.0,3,16.4,120.0,市场部,40.0,4,1
25.6,20390.0,4.7,3,39.5,120.0,技术部,50.0,3,0
0.0,5713.0,7.0,4,37.1,0.0,人事部,26.0,1,0
6.7,11555.0,10.7,4,9.0,31.0,市场部,29.0,5,1
18.1,18928.0,8.6,4,45.0,120.0,销售部,48.0,3,1
29.1,15455.0,3.3,3,12.2,120.0,销售部,50.0,2,0
29.1,14587.0,5.6,3,56.1,120.0,财务部,55.0,3,0
30.1,15057.0,5.9,2,40.6,104.0,人事部,51.0,0,0
22.9,13196.0,3.9,4,7.4,120.0,运营部,51.0,1,1
2.5,10591.0,0.7,3,19.4,10.0,市场部,32.0,5,0
4.8,11470.0,1.6,4,19.1,30.0,技术部,35.0,0,0
0.0,8690.0,7.4,3,33.2,0.0,人事部,31.0,2,0
13.9,13365.0,7.8,3,25.9,111.0,财务部,42.0,1,0
23.8,14301.0,3.4,4,7.1,117.0,人事部,53.0,3,1
6.9,11526.0,4.8,4,2.1,17.0,技术部,33.0,0,0
9.0,15564.0,7.6,5,41.0,22.0,销售部,40.0,1,0
4.3,9104.0,0.0,2,35.7,120.0,人事部,32.0,0,0
0.0,7201.0,2.7,4,32.1,0.0,人事部,28.0,1,0
5.2,8764.0,10.1,2,35.4,37.0,市场部,28.0,0,0
0.0,7950.0,4.9,4,17.6,120.0,人事部,24.0,3,1
24.2,17052.0,0.6,4,33.7,120.0,运营部,53.0,3,1
12.6,13235.0,4.4,3,80.8,120.0,市场部,35.0,2,1
27.5,16011.0,7.1,4,53.5,120.0,运营部,50.0,0,1
12.3,16595.0,0.0,3,24.2,82.0,销售部,44.0,2,0
2.8,8862.0,4.5,3,19.5,22.0,销售部,28.0,1,0
5.8,9110.0,2.9,3,0.0,120.0,人事部,28.0,1,1
25.0,15725.0,0.0,2,51.4,111.0,财务部,49.0,3,0
6.2,13371.0,4.2,5,45.7,120.0,技术部,31.0,3,1
24.5,18025.0,3.6,4,19.1,120.0,人事部,52.0,0,0
0.0,10571.0,3.9,4,1.4,120.0,销售部,27.0,3,0
12.2,11795.0,3.0,5,6.9,82.0,人事部,44.0,4,1
21.2,20866.0,0.9,4,38.9,97.0,技术部,49.0,2,0
1.6,9200.0,0.0,3,28.2,12.0,人事部,30.0,1,0
7.1,10824.0,1.9,2,43.8,120.0,人事部,31.0,0,0
23.7,16845.0,6.6,3,31.7,120.0,人事部,54.0,6,0
8.4,8533.0,4.7,5,49.3,63.0,财务部,31.0,2,0
14.7,11465.0,3.8,5,37.4,93.0,市场部,36.0,4,1
4.3,10699.0,0.9,4,46.6,41.0,人事部,36.0,4,1
0.0,10354.0,2.9,3,0.0,0.0,销售部,30.0,0,0
24.4,15874.0,6.2,3,5.3,120.0,人事部,48.0,1,0
18.9,15826.0,5.5,5,22.7,120.0,财务部,47.0,1,1
8.4,10415.0,2.6,2,51.6,49.0,市场部,34.0,2,0
26.1,16073.0,0.0,4,67.6,120.0,财务部,50.0,2,0
5.6,10640.0,2.0,3,26.7,57.0,财务部,29.0,2,0
0.4,8803.0,2.6,3,17.8,5.0,技术部,22.0,5,0
14.4,18191.0,1.3,4,0.0,98.0,技术部,41.0,2,1
29.6,21795.0,2.8,5,47.3,120.0,销售部,55.0,1,1
0.0,11020.0,6.4,4,19.0,120.0,技术部,23.0,1,1
6.4,8936.0,3.9,3,89.2,120.0,市场部,29.0,0,0
7.7,11243.0,7.0,3,15.2,37.0,人事部,39.0,1,0
21.3,13153.0,0.0,5,72.1,54.0,财务部,49.0,2,1
0.0,6628.0,3.1,4,45.0,120.0,市场部,25.0,1,0
13.7,10434.0,0.0,3,9.4,120.0,运营部,35.0,2,0
19.5,12290.0,2.7,4,34.6,120.0,财务部,47.0,2,0
3.8,15113.0,0.9,3,45.4,120.0,技术部,34.0,1,0
4.0,9402.0,7.8,2,25.5,120.0,人事部,28.0,2,1
5.7,7655.0,5.2,5,46.8,120.0,财务部,28.0,3,1
12.8,13578.0,7.0,4,46.3,54.0,财务部,36.0,1,0
14.7,12685.0,2.7,3,41.9,36.0,财务部,38.0,3,0
24.6,17746.0,0.9,3,29.7,120.0,财务部,50.0,2,0
19.1,21422.0,0.8,5,6.5,120.0,技术部,43.0,1,1
21.7,15555.0,4.8,4,28.5,120.0,财务部,45.0,3,1
26.2,13211.0,9.4,4,33.5,120.0,人事部,54.0,2,0
15.4,10997.0,5.2,2,0.0,92.0,销售部,36.0,1,0
10.9,11416.0,2.9,5,33.4,66.0,财务部,35.0,1,0
23.7,25366.0,3.4,5,28.1,120.0,技术部,52.0,4,0
7.9,10373.0,3.9,4,4.1,65.0,市场部,30.0,0,0
23.3,14769.0,10.1,3,23.3,120.0,市场部,46.0,3,0
24.6,11676.0,7.7,4,23.8,120.0,运营部,47.0,2,0
5.0,11223.0,4.8,4,68.6,17.0,销售部,25.0,2,0
11.3,12093.0,4.3,4,34.4,120.0,销售部,37.0,2,0
8.5,10873.0,4.9,5,50.7,40.0,市场部,29.0,0,1
4.7,8865.0,5.5,4,27.6,120.0,运营部,28.0,1,1
5.1,8576.0,2.8,3,0.0,60.0,运营部,37.0,1,0
1.0,9658.0,1.5,3,43.4,120.0,技术部,32.0,4,0
25.4,17084.0,7.1,4,16.8,114.0,销售部,48.0,3,1
28.3,14565.0,4.1,3,23.3,120.0,人事部,52.0,0,0
22.4,22017.0,6.8,3,8.9,102.0,技术部,48.0,2,0
0.9,8964.0,8.9,4,31.5,8.0,运营部,31.0,2,1
1.4,8732.0,5.6,3,51.3,8.0,销售部,31.0,1,0
8.5,9284.0,5.1,4,48.7,95.0,运营部,30.0,1,1
4.5,7901.0,13.6,2,61.7,120.0,销售部,26.0,3,1
28.0,15544.0,4.6,3,64.6,120.0,市场部,53.0,2,1
4.6,11235.0,0.7,3,0.0,120.0,财务部,35.0,3,0
0.0,12129.0,3.2,4,6.1,0.0,技术部,29.0,3,0
28.7,19146.0,8.7,4,0.0,120.0,财务部,50.0,2,0
8.1,9315.0,0.1,3,42.6,57.0,财务部,35.0,1,0
1.1,7044.0,1.7,3,16.1,12.0,人事部,23.0,4,0
0.0,7021.0,7.3,2,20.2,0.0,运营部,27.0,1,0
12.0,15376.0,3.2,4,25.7,102.0,财务部,43.0,2,0
22.5,16668.0,3.7,5,37.7,120.0,市场部,48.0,0,0
8.0,11682.0,7.2,4,0.3,90.0,市场部,29.0,0,0
25.0,14417.0,1.8,3,4.8,120.0,市场部,52.0,1,0
25.1,14576.0,0.0,4,30.0,120.0,人事部,50.0,1,1
20.3,18976.0,0.0,3,54.0,120.0,销售部,50.0,0,0
5.9,10085.0,5.7,2,29.5,55.0,销售部,30.0,3,0
0.0,8003.0,4.8,3,14.2,0.0,市场部,24.0,2,0
27.7,22452.0,1.9,2,0.0,120.0,技术部,51.0,3,0
10.1,16834.0,0.5,3,49.1,120.0,技术部,32.0,1,0
18.3,15781.0,3.2,4,15.3,120.0,技术部,42.0,1,0
26.6,17299.0,7.3,3,7.1,120.0,人事部,47.0,7,0
2.6,7280.0,1.5,4,0.0,120.0,人事部,26.0,4,0
20.1,13523.0,2.0,5,1.2,120.0,人事部,48.0,4,0
31.3,18418.0,0.4,4,10.8,120.0,市场部,53.0,1,0
24.7,12918.0,2.9,3,25.2,120.0,人事部,46.0,1,0
15.4,19464.0,5.0,4,5.8,106.0,技术部,37.0,0,0
30.1,18521.0,10.3,2,33.7,81.0,运营部,51.0,1,0
8.5,13735.0,4.7,3,25.1,85.0,财务部,39.0,3,0
15.7,15309.0,3.8,3,74.4,120.0,运营部,47.0,1,0
28.4,23643.0,6.6,4,0.0,82.0,技术部,49.0,3,1
17.9,14347.0,6.1,4,33.2,120.0,市场部,47.0,3,0
2.2,9329.0,2.3,4,33.5,26.0,人事部,31.0,1,0
0.0,6395.0,10.9,4,9.4,0.0,市场部,26.0,2,0
5.8,10952.0,3.9,4,31.9,64.0,市场部,30.0,4,0
15.6,16843.0,4.7,4,45.4,60.0,技术部,39.0,3,0
13.6,13441.0,5.7,5,31.9,34.0,市场部,39.0,5,1
10.7,12838.0,5.0,3,57.7,80.0,销售部,41.0,1,0
6.3,10953.0,8.6,5,0.0,120.0,销售部,35.0,1,0
22.3,11454.0,2.2,5,13.2,120.0,人事部,48.0,2,0
29.1,17083.0,6.4,4,59.5,120.0,财务部,52.0,2,0
1.3,8439.0,4.5,2,48.2,12.0,财务部,30.0,3,0
15.7,12494.0,6.9,3,40.8,120.0,市场部,46.0,1,1
19.2,11682.0,3.4,4,54.7,120.0,运营部,44.0,2,0
11.0,16192.0,2.9,2,0.0,105.0,技术部,39.0,4,0
3.2,8196.0,6.2,3,45.9,28.0,市场部,28.0,2,0
22.3,23047.0,5.1,4,51.3,120.0,技术部,48.0,0,0
27.7,14898.0,1.5,5,16.8,120.0,市场部,54.0,1,1
16.7,13214.0,8.0,4,82.6,96.0,运营部,46.0,1,0
20.3,13703.0,6.2,4,33.9,120.0,市场部,52.0,3,0
28.7,16237.0,3.8,3,0.0,120.0,运营部,54.0,4,0
9.9,11313.0,2.6,2,37.6,55.0,市场部,34.0,3,0
18.5,13460.0,5.1,4,15.6,120.0,人事部,43.0,2,0
16.4,12603.0,6.0,3,53.3,120.0,市场部,38.0,2,0
31.4,20460.0,0.0,4,41.0,109.0,销售部,55.0,5,1
4.0,6713.0,5.1,5,18.0,41.0,人事部,25.0,0,1
10.9,10268.0,6.0,4,60.0,105.0,运营部,36.0,1,0
29.0,18220.0,0.0,4,48.8,120.0,销售部,51.0,2,1
6.8,9608.0,4.6,4,13.4,120.0,人事部,31.0,1,0
18.5,15963.0,6.1,4,27.0,120.0,销售部,48.0,2,1
12.0,11657.0,5.7,3,40.3,120.0,人事部,35.0,1,0
26.7,15231.0,6.4,3,22.7,72.0,人事部,54.0,0,0
20.2,14032.0,3.0,3,23.3,120.0,市场部,51.0,4,0
5.2,8054.0,0.9,4,30.7,35.0,人事部,32.0,1,0
24.7,14390.0,0.0,3,8.7,120.0,销售部,47.0,1,0
8.9,14172.0,7.3,4,0.0,120.0,技术部,33.0,0,0
14.9,19549.0,6.1,4,34.8,120.0,技术部,42.0,1,0
17.9,15706.0,7.5,1,0.0,120.0,市场部,44.0,3,0
27.2,14735.0,1.8,4,10.1,120.0,运营部,49.0,2,0
0.0,8508.0,6.4,3,0.0,0.0,技术部,23.0,1,0
2.5,10137.0,0.0,3,0.0,28.0,市场部,29.0,3,0
21.8,11188.0,1.4,2,38.5,120.0,人事部,45.0,0,0
13.7,13607.0,4.4,3,25.6,120.0,销售部,41.0,2,0
17.2,13513.0,6.0,5,24.8,120.0,人事部,38.0,1,0
0.0,8003.0,9.0,5,3.7,0.0,销售部,24.0,2,0
3.3,7327.0,3.3,4,16.9,13.0,人事部,33.0,4,1
27.9,15617.0,1.4,4,37.5,120.0,财务部,51.0,4,1
0.0,7748.0,1.2,4,29.0,0.0,财务部,23.0,3,0
10.1,10672.0,1.9,5,46.5,120.0,销售部,35.0,3,1
29.2,18893.0,10.7,4,49.3,120.0,市场部,53.0,2,0
0.0,6671.0,6.3,2,25.0,120.0,运营部,24.0,1,0
22.9,18973.0,7.3,4,0.0,107.0,技术部,47.0,0,0
8.2,8301.0,3.3,5,14.9,26.0,人事部,31.0,1,0
20.1,17697.0,4.0,3,28.0,120.0,市场部,51.0,2,0
18.0,12640.0,6.1,3,14.5,78.0,人事部,47.0,3,0
22.8,17756.0,2.5,3,8.9,69.0,财务部,51.0,2,0
8.4,9791.0,3.1,3,31.4,120.0,市场部,29.0,2,0
18.4,12591.0,2.0,4,78.6,120.0,销售部,40.0,2,0
20.3,14897.0,2.7,3,20.2,120.0,财务部,48.0,1,0
7.5,13040.0,4.1,5,29.9,26.0,技术部,30.0,0,0
7.3,9792.0,1.5,4,3.8,53.0,财务部,30.0,4,1
0.0,10910.0,4.9,1,54.9,0.0,技术部,23.0,4,1
30.6,21214.0,4.9,4,47.5,120.0,财务部,54.0,4,0
24.1,17356.0,3.5,4,46.1,120.0,财务部,45.0,7,1
22.6,20105.0,1.5,4,57.2,120.0,技术部,43.0,4,0
21.7,14081.0,4.3,3,21.5,75.0,人事部,47.0,5,0
12.6,13244.0,2.5,4,24.0,120.0,市场部,40.0,3,1
7.6,9241.0,4.1,3,64.2,120.0,人事部,38.0,1,0
15.7,18555.0,7.3,3,42.7,59.0,技术部,37.0,5,0
20.6,18315.0,0.2,3,0.0,94.0,销售部,43.0,1,0
2.6,8044.0,10.5,3,39.1,10.0,市场部,29.0,0,0
26.6,21675.0,3.8,4,18.4,120.0,销售部,51.0,2,0
23.2,20043.0,5.2,3,48.0,120.0,销售部,49.0,3,0
2.9,9388.0,1.7,4,38.2,22.0,财务部,34.0,2,0
14.5,19740.0,7.4,3,0.0,116.0,技术部,41.0,4,0
2.0,6450.0,3.6,4,35.4,120.0,人事部,27.0,0,0
22.1,17421.0,2.8,3,34.2,116.0,技术部,54.0,2,0
31.2,18636.0,2.3,5,37.3,120.0,销售部,52.0,1,0
20.8,16378.0,3.2,5,41.5,120.0,财务部,52.0,1,0
7.0,8761.0,5.3,3,59.9,41.0,人事部,33.0,1,0
2.0,11133.0,4.5,4,38.3,120.0,销售部,28.0,5,1
0.0,8284.0,3.9,3,30.5,0.0,销售部,29.0,1,0
0.0,6365.0,1.9,4,53.0,120.0,运营部,25.0,1,1
0.7,7626.0,1.7,4,74.9,2.0,运营部,26.0,2,0
0.7,6204.0,2.6,3,48.3,120.0,财务部,24.0,3,0
27.1,19278.0,5.4,3,34.1,109.0,市场部,55.0,5,0
0.0,7228.0,6.0,3,38.7,120.0,市场部,24.0,1,0
3.4,10220.0,6.4,4,35.1,14.0,财务部,26.0,2,0
20.5,16633.0,4.0,4,30.4,120.0,财务部,49.0,4,1
13.3,11567.0,5.2,2,73.3,60.0,销售部,41.0,4,0
23.2,17237.0,3.5,3,15.0,120.0,技术部,48.0,1,0
22.9,16320.0,0.0,3,53.1,120.0,技术部,43.0,3,0
25.6,17826.0,3.4,4,27.5,120.0,运营部,51.0,0,0
22.9,16137.0,2.9,2,0.4,120.0,市场部,43.0,1,0
18.1,13080.0,0.9,3,26.2,60.0,市场部,39.0,8,1
20.8,13256.0,2.3,5,19.1,120.0,市场部,46.0,1,0
16.0,13190.0,4.4,3,41.6,99.0,人事部,37.0,4,0
9.7,12467.0,0.6,4,31.8,73.0,技术部,33.0,3,1
9.1,16003.0,1.9,3,9.6,26.0,技术部,37.0,2,0
4.3,11016.0,8.6,3,59.4,42.0,销售部,28.0,3,1
16.0,13217.0,0.0,4,51.8,120.0,市场部,48.0,4,1
0.0,7800.0,3.5,3,61.7,120.0,人事部,31.0,1,0
0.0,7158.0,0.5,3,34.7,0.0,市场部,27.0,3,1
0.0,8088.0,1.7,5,29.3,0.0,市场部,30.0,1,0
19.6,16460.0,3.4,5,44.1,111.0,运营部,50.0,2,0
9.2,15111.0,1.0,4,18.5,120.0,技术部,33.0,3,1
16.0,15884.0,5.7,2,32.6,120.0,财务部,45.0,3,0
28.4,17459.0,8.1,2,26.5,80.0,财务部,50.0,2,0
0.0,6941.0,6.5,3,0.8,0.0,市场部,25.0,3,0
21.1,14913.0,7.1,5,32.5,57.0,人事部,47.0,3,0
11.8,12279.0,0.0,4,21.2,120.0,销售部,32.0,4,1
5.7,7437.0,3.3,4,25.1,45.0,运营部,29.0,2,0
13.5,14277.0,5.4,5,37.3,120.0,销售部,45.0,2,0
28.2,18381.0,6.6,2,55.5,120.0,财务部,52.0,0,0
9.8,11773.0,9.3,4,13.0,62.0,财务部,32.0,2,0
18.7,11217.0,7.2,3,23.3,120.0,运营部,41.0,1,0
6.2,11550.0,6.7,3,14.7,50.0,市场部,32.0,0,0
9.9,12543.0,11.9,5,13.4,104.0,销售部,40.0,1,0
13.9,15625.0,4.3,5,18.1,120.0,技术部,43.0,6,1
16.8,11994.0,3.1,2,26.1,120.0,市场部,42.0,0,1
20.5,14688.0,4.5,3,41.7,120.0,人事部,43.0,0,0
5.4,10993.0,1.3,4,36.4,59.0,技术部,26.0,2,0
19.4,13080.0,4.2,2,8.9,120.0,运营部,45.0,1,0
14.2,11950.0,0.0,4,55.9,115.0,财务部,44.0,2,0
16.2,19541.0,2.4,4,48.9,120.0,技术部,45.0,4,0
0.0,9300.0,3.7,3,12.0,120.0,销售部,24.0,4,0
9.9,10789.0,6.8,3,54.5,120.0,财务部,37.0,1,0
9.8,14526.0,7.3,3,36.5,109.0,销售部,35.0,0,0
0.0,8183.0,1.1,5,26.9,0.0,技术部,25.0,2,1
2.8,7602.0,10.2,3,37.2,120.0,财务部,29.0,2,0
8.8,10541.0,4.4,4,29.5,55.0,人事部,37.0,1,0
20.9,21394.0,4.7,3,40.9,82.0,技术部,47.0,1,0
0.0,8418.0,0.0,4,33.7,120.0,销售部,30.0,0,1
23.9,18127.0,2.1,2,23.3,120.0,销售部,49.0,4,0
19.8,12946.0,7.1,2,0.0,120.0,财务部,40.0,4,0
24.2,14610.0,4.5,4,40.5,120.0,人事部,47.0,1,1
12.0,11584.0,4.3,4,22.5,31.0,人事部,38.0,0,0
11.5,12843.0,4.7,3,45.6,120.0,运营部,38.0,2,0
15.4,11829.0,0.0,3,39.6,41.0,人事部,42.0,3,1
24.4,19611.0,3.7,5,23.0,120.0,销售部,53.0,5,1
14.7,16945.0,8.2,2,50.5,120.0,技术部,38.0,0,0
11.0,11171.0,7.3,3,34.1,40.0,财务部,39.0,3,0
13.6,10561.0,3.6,3,33.3,120.0,运营部,42.0,2,0
21.1,16264.0,8.7,3,27.2,120.0,运营部,46.0,1,0
0.0,7380.0,0.2,4,63.7,0.0,销售部,24.0,3,1
16.9,16243.0,1.1,4,15.7,104.0,销售部,39.0,5,1
13.0,13730.0,9.6,4,23.5,43.0,技术部,38.0,2,1
22.6,23799.0,5.7,4,5.3,59.0,技术部,52.0,1,0
7.1,9722.0,3.1,3,44.5,120.0,财务部,38.0,1,1
9.9,13685.0,3.8,4,18.4,88.0,财务部,37.0,2,0
30.4,19533.0,1.6,2,20.6,120.0,市场部,54.0,4,0
8.8,10401.0,4.8,3,19.7,74.0,销售部,37.0,1,0
0.0,7950.0,4.6,4,31.3,0.0,人事部,28.0,4,0
5.0,9738.0,4.1,3,5.0,55.0,市场部,29.0,1,0
0.0,6522.0,0.5,2,0.0,0.0,人事部,25.0,4,0
1.1,6120.0,4.8,3,39.2,5.0,运营部,22.0,2,0
15.9,15049.0,2.4,4,0.0,99.0,销售部,36.0,2,0
25.5,19480.0,1.0,2,47.1,120.0,销售部,47.0,2,0
24.1,13170.0,7.8,4,61.2,120.0,运营部,46.0,0,0
0.0,8571.0,10.5,4,26.7,120.0,财务部,23.0,2,1
15.9,13307.0,9.8,4,56.0,120.0,销售部,41.0,5,1
3.7,7278.0,6.0,3,29.5,120.0,财务部,27.0,2,0
27.9,18230.0,3.2,4,62.0,120.0,财务部,53.0,2,0
3.3,6721.0,3.8,3,20.9,20.0,运营部,28.0,1,0
19.4,14355.0,5.2,5,0.0,48.0,销售部,43.0,3,0
11.3,10118.0,2.7,4,28.4,119.0,运营部,33.0,1,0
15.1,11087.0,8.0,2,64.2,101.0,运营部,43.0,1,0
14.4,11968.0,0.0,4,40.7,120.0,销售部,36.0,3,1
17.7,20509.0,3.1,4,19.7,120.0,技术部,47.0,2,0
7.6,10208.0,6.4,3,36.6,21.0,财务部,30.0,6,0
23.2,24277.0,1.5,3,49.4,120.0,技术部,52.0,2,0
9.3,13300.0,3.3,4,28.3,120.0,销售部,39.0,2,1
25.5,16043.0,5.8,4,82.5,85.0,市场部,47.0,2,1
29.0,14083.0,8.6,5,19.7,120.0,运营部,50.0,0,1
23.6,17057.0,0.1,3,50.1,120.0,运营部,55.0,4,0
3.4,10316.0,0.0,4,45.2,20.0,技术部,29.0,4,1
3.4,7531.0,1.2,4,16.0,31.0,运营部,31.0,4,0
9.7,15426.0,0.0,4,21.5,120.0,技术部,30.0,3,0
7.7,10056.0,0.0,3,50.4,35.0,人事部,31.0,2,0
14.9,12351.0,1.1,3,32.9,38.0,运营部,41.0,1,0
24.4,12574.0,7.7,4,36.8,120.0,运营部,55.0,1,0
31.7,17400.0,3.1,3,0.0,120.0,销售部,55.0,1,0
9.7,10611.0,4.1,3,43.1,120.0,运营部,39.0,1,0
15.1,19236.0,1.1,4,35.7,120.0,技术部,43.0,2,1
28.6,16973.0,5.9,3,28.7,113.0,财务部,50.0,3,0
29.5,14403.0,9.6,2,37.2,120.0,市场部,53.0,1,0
6.1,9198.0,1.3,2,21.8,53.0,销售部,29.0,3,0
13.7,16948.0,9.2,4,18.2,69.0,技术部,39.0,1,1
21.4,15160.0,5.1,5,25.2,120.0,人事部,49.0,2,1
6.8,8264.0,4.1,3,20.7,47.0,市场部,32.0,0,0
14.1,10110.0,5.2,2,73.6,120.0,财务部,37.0,3,0
26.6,15892.0,5.2,4,48.2,120.0,市场部,55.0,2,1
28.0,14876.0,9.6,3,10.6,120.0,市场部,55.0,2,1
25.8,15520.0,5.6,5,70.7,120.0,运营部,52.0,3,0
21.3,17073.0,5.6,4,21.3,93.0,技术部,48.0,0,1
8.3,9829.0,2.7,3,30.6,120.0,人事部,31.0,2,0
4.8,9908.0,6.5,3,47.9,41.0,人事部,33.0,0,1
15.3,15518.0,1.1,3,0.0,120.0,市场部,40.0,1,0
16.6,17475.0,4.3,4,25.3,120.0,销售部,41.0,2,0
17.2,15711.0,12.6,2,18.5,120.0,技术部,39.0,2,0
15.8,9943.0,0.0,5,34.1,57.0,运营部,43.0,2,1
7.8,9065.0,4.7,4,37.4,120.0,运营部,35.0,3,0
22.9,18627.0,4.8,5,28.5,120.0,销售部,47.0,0,0
2.7,10165.0,3.3,5,27.5,9.0,技术部,33.0,1,0
2.9,11694.0,3.4,3,51.3,34.0,技术部,33.0,2,0
4.7,10564.0,4.3,4,36.0,40.0,技术部,26.0,1,0
0.0,6552.0,3.2,4,30.8,120.0,人事部,28.0,3,1
25.3,16133.0,4.7,3,33.0,120.0,运营部,50.0,1,0
5.0,14588.0,2.5,2,66.7,23.0,技术部,37.0,2,0
7.3,9091.0,10.1,3,33.5,120.0,人事部,30.0,1,0
23.6,20197.0,3.2,3,19.7,113.0,销售部,47.0,2,0
14.7,10886.0,5.7,5,0.0,120.0,市场部,40.0,1,1
0.0,6406.0,2.0,3,1.3,0.0,财务部,23.0,4,0
3.7,8186.0,6.8,4,20.7,41.0,人事部,32.0,3,0
2.2,8261.0,6.2,5,27.8,9.0,运营部,28.0,3,1
21.3,19968.0,5.3,3,18.9,120.0,技术部,44.0,1,0
4.9,8788.0,0.9,4,37.0,120.0,销售部,31.0,3,1
0.0,9893.0,1.7,1,18.6,0.0,销售部,24.0,2,0
0.0,7708.0,9.1,2,11.7,120.0,销售部,24.0,0,0
15.0,11167.0,1.7,3,42.3,120.0,运营部,41.0,0,0
0.0,7037.0,5.9,3,57.4,0.0,人事部,23.0,3,0
27.8,22108.0,1.2,3,7.9,120.0,销售部,50.0,3,0
0.0,7716.0,7.0,3,34.9,0.0,运营部,27.0,2,0
13.5,15365.0,1.9,3,0.0,120.0,市场部,42.0,3,0
10.1,10124.0,1.1,2,0.5,68.0,财务部,37.0,1,0
6.4,11345.0,1.9,4,18.2,43.0,市场部,37.0,3,1
2.5,11915.0,2.3,1,52.7,9.0,技术部,24.0,0,0
19.8,13693.0,5.2,4,14.4,120.0,运营部,48.0,1,0
28.4,21287.0,4.2,5,13.7,120.0,技术部,51.0,2,0
0.6,9745.0,0.7,4,30.7,120.0,销售部,22.0,5,1
2.4,8177.0,3.9,4,30.7,120.0,销售部,28.0,2,0
27.4,18331.0,0.6,4,14.3,120.0,销售部,52.0,2,1
8.7,17541.0,5.9,4,69.7,37.0,技术部,40.0,2,0
3.1,13077.0,6.5,5,24.7,26.0,技术部,27.0,1,0
0.0,8959.0,3.9,5,32.3,0.0,人事部,29.0,2,0
15.0,14124.0,4.8,3,22.0,73.0,运营部,44.0,5,0
18.0,15464.0,9.3,4,38.8,50.0,技术部,46.0,0,0
11.0,16114.0,3.5,4,54.7,120.0,销售部,42.0,4,0
28.1,17065.0,1.2,1,63.3,120.0,财务部,53.0,1,0
13.3,11799.0,5.7,4,14.8,120.0,运营部,38.0,1,0
10.1,9326.0,0.6,4,52.0,59.0,人事部,32.0,4,0
14.7,12803.0,3.4,4,41.0,92.0,人事部,38.0,2,1
3.4,10077.0,2.2,3,49.5,120.0,财务部,34.0,1,0
3.3,10255.0,1.9,3,28.2,39.0,市场部,29.0,3,0
0.0,7336.0,3.2,3,26.3,120.0,销售部,24.0,4,0
11.4,8951.0,6.7,4,48.7,120.0,运营部,34.0,3,1
19.2,12818.0,7.3,5,49.1,120.0,人事部,45.0,1,0
0.0,7766.0,6.8,5,61.3,120.0,技术部,23.0,5,1
12.6,11556.0,5.0,3,34.0,100.0,人事部,36.0,4,1
13.9,15796.0,3.2,3,27.9,83.0,技术部,43.0,0,0
14.4,12134.0,0.0,4,0.0,83.0,人事部,42.0,1,1
18.5,11103.0,5.1,4,0.0,120.0,人事部,48.0,2,0
26.0,18681.0,0.0,4,22.1,81.0,技术部,49.0,0,1
17.4,14929.0,0.0,3,8.0,105.0,市场部,45.0,3,1
3.2,10059.0,3.5,2,46.3,36.0,技术部,25.0,3,0
13.6,11003.0,4.8,4,3.8,120.0,财务部,38.0,3,1
13.3,10399.0,2.6,4,20.0,120.0,运营部,42.0,3,0
2.4,10342.0,8.6,3,20.8,11.0,技术部,30.0,1,1
0.7,7963.0,5.4,5,54.1,7.0,市场部,23.0,0,0
0.0,6516.0,3.3,4,17.8,0.0,运营部,29.0,1,0
16.4,13338.0,8.2,5,39.0,49.0,销售部,37.0,3,1
8.9,15626.0,8.7,3,33.9,120.0,技术部,36.0,3,0
0.0,8245.0,5.5,3,48.1,120.0,市场部,28.0,7,1
22.6,16488.0,1.7,5,47.0,120.0,财务部,49.0,3,1
23.4,14973.0,2.3,5,29.3,120.0,财务部,53.0,3,0
1.9,11265.0,0.0,5,0.0,120.0,销售部,29.0,3,1
23.6,14486.0,3.9,4,25.4,120.0,运营部,53.0,2,0
0.0,6815.0,0.8,3,29.6,0.0,财务部,23.0,3,0
24.7,21584.0,3.0,3,35.7,120.0,销售部,53.0,2,0
30.3,17216.0,4.8,3,15.2,120.0,运营部,53.0,3,1
0.0,6869.0,0.0,5,52.8,0.0,运营部,22.0,2,0
24.1,18325.0,0.2,3,30.3,120.0,市场部,47.0,2,0
22.2,17705.0,2.5,4,11.6,85.0,技术部,54.0,0,0
29.3,20045.0,3.8,5,20.8,120.0,财务部,52.0,0,0
31.2,19645.0,2.5,5,68.6,82.0,财务部,54.0,4,0
9.7,14653.0,3.2,5,43.3,32.0,技术部,40.0,5,0
2.1,7374.0,1.9,4,51.0,7.0,财务部,25.0,0,0
25.7,12609.0,0.0,3,9.2,120.0,运营部,50.0,5,0
13.4,19851.0,2.4,5,16.2,75.0,技术部,42.0,3,0
20.1,11042.0,3.4,3,16.4,117.0,人事部,42.0,1,0
14.1,14357.0,3.1,3,33.7,120.0,技术部,36.0,1,0
15.2,12778.0,4.3,5,26.5,85.0,人事部,41.0,3,1
4.1,9616.0,5.3,4,20.2,15.0,市场部,27.0,0,0
23.2,17461.0,6.0,4,22.7,120.0,技术部,46.0,4,1
3.9,8490.0,2.1,2,14.1,42.0,运营部,24.0,5,0
21.6,19867.0,0.0,4,26.4,120.0,技术部,46.0,1,1
26.2,19073.0,7.8,5,52.3,120.0,财务部,50.0,3,0
17.6,12141.0,5.2,4,0.0,120.0,销售部,38.0,1,1
11.5,8935.0,1.1,3,36.9,120.0,运营部,39.0,4,0
4.5,9208.0,4.8,4,57.6,26.0,人事部,32.0,3,0
33.2,14505.0,7.2,5,26.3,111.0,人事部,54.0,3,1
22.2,15493.0,9.2,5,19.4,120.0,市场部,46.0,3,0
3.5,7895.0,4.8,3,48.5,32.0,市场部,34.0,2,0
1.0,9341.0,7.2,4,10.3,5.0,财务部,28.0,3,0
4.1,9572.0,0.4,3,29.5,120.0,人事部,29.0,4,0
11.4,12090.0,3.9,3,9.2,73.0,运营部,37.0,1,0
30.5,27767.0,3.0,3,0.0,120.0,技术部,53.0,2,0
16.3,16443.0,5.0,4,27.0,120.0,财务部,46.0,3,0
0.0,10612.0,8.8,4,4.7,0.0,技术部,29.0,4,1
19.1,16167.0,4.7,3,29.8,120.0,销售部,50.0,2,0
11.3,11844.0,1.2,3,52.3,102.0,人事部,34.0,3,0
26.3,21584.0,0.2,3,67.1,120.0,销售部,50.0,2,0
8.1,10831.0,8.9,2,31.9,60.0,人事部,30.0,1,0
18.3,15458.0,5.5,4,50.4,120.0,市场部,42.0,2,1
29.0,17198.0,5.3,3,38.0,120.0,销售部,53.0,3,0
3.4,10991.0,3.0,2,22.3,120.0,市场部,31.0,1,0
22.7,18025.0,4.8,5,0.0,85.0,财务部,45.0,2,1
24.0,16365.0,1.0,3,62.5,87.0,人事部,55.0,1,1
5.8,10526.0,5.2,5,9.0,120.0,财务部,27.0,1,0
4.9,8049.0,0.5,4,57.7,120.0,运营部,25.0,1,1
13.7,14139.0,2.9,4,40.7,92.0,运营部,44.0,3,0
4.6,7440.0,2.1,4,10.5,32.0,人事部,33.0,3,0
0.0,8706.0,0.0,3,36.2,120.0,财务部,24.0,1,1
10.9,10745.0,3.0,4,72.7,39.0,销售部,38.0,2,1
24.3,14886.0,1.3,4,60.7,120.0,市场部,47.0,2,1
9.0,11603.0,3.4,3,19.7,87.0,技术部,31.0,2,0
7.3,10323.0,4.0,4,15.8,120.0,市场部,33.0,3,0
25.8,13388.0,9.3,4,32.0,120.0,运营部,50.0,1,1
11.6,14371.0,4.9,5,26.7,53.0,市场部,39.0,1,0
27.4,22598.0,5.0,4,54.0,120.0,技术部,50.0,2,0
9.0,13156.0,5.5,2,44.8,57.0,财务部,37.0,3,1
23.8,13704.0,6.6,5,0.0,120.0,运营部,53.0,3,1
21.0,10685.0,5.4,5,39.2,120.0,运营部,43.0,1,1
5.5,10992.0,4.8,4,26.4,59.0,销售部,26.0,3,0
25.7,18149.0,6.1,2,30.7,120.0,市场部,51.0,0,0
8.7,11648.0,0.0,4,35.0,61.0,财务部,38.0,1,0
0.0,9972.0,10.3,4,54.0,0.0,销售部,27.0,1,1
0.0,10060.0,8.8,3,49.6,0.0,销售部,27.0,0,0
20.2,16841.0,4.7,5,15.0,101.0,销售部,45.0,3,1
1.2,8371.0,0.0,4,28.8,120.0,运营部,24.0,2,1
4.6,9370.0,7.6,5,21.0,29.0,人事部,31.0,2,0
4.5,8625.0,1.9,4,0.0,38.0,运营部,27.0,1,1
8.3,9530.0,5.6,3,27.8,44.0,人事部,37.0,1,1
13.6,8736.0,0.2,5,66.9,68.0,运营部,36.0,2,1
15.5,15091.0,10.7,4,0.0,120.0,技术部,39.0,0,1
4.9,9582.0,0.0,4,29.5,120.0,运营部,31.0,5,1
0.0,10498.0,4.2,3,28.9,0.0,技术部,23.0,2,0
14.8,12364.0,0.0,2,35.8,120.0,市场部,42.0,4,0
8.8,11406.0,3.9,4,10.7,50.0,财务部,34.0,1,0
12.0,11284.0,2.7,3,1.5,95.0,市场部,43.0,1,0
0.0,9299.0,7.4,5,2.4,0.0,技术部,26.0,0,0
0.0,9467.0,2.7,5,56.6,0.0,销售部,22.0,1,0
2.4,7801.0,7.4,4,10.3,21.0,人事部,30.0,1,0
9.4,11290.0,0.9,3,20.0,106.0,销售部,37.0,1,0
7.7,11808.0,3.2,4,72.1,21.0,销售部,35.0,2,0
23.8,13844.0,3.2,1,15.3,120.0,运营部,49.0,1,0
10.1,15783.0,5.5,4,36.8,114.0,技术部,34.0,1,0
12.9,13415.0,5.1,3,51.3,120.0,运营部,40.0,2,0
21.7,13659.0,6.2,5,50.3,120.0,运营部,42.0,1,0
2.9,8323.0,4.8,3,3.4,13.0,财务部,23.0,3,0
8.8,14277.0,6.0,3,15.7,49.0,技术部,39.0,2,0
12.4,15243.0,1.3,5,36.0,120.0,技术部,33.0,3,1
9.7,11573.0,5.2,4,68.6,120.0,销售部,36.0,0,0
0.0,6203.0,8.8,5,14.8,0.0,财务部,25.0,3,0
25.6,24323.0,0.0,5,20.1,120.0,技术部,48.0,2,1
22.3,15947.0,5.5,4,38.4,120.0,市场部,53.0,2,1
0.7,9836.0,6.0,3,42.4,6.0,技术部,23.0,1,0
11.4,10484.0,8.4,4,43.6,120.0,财务部,42.0,1,0
17.8,21554.0,6.2,4,13.1,112.0,技术部,47.0,4,0
8.1,8024.0,4.3,5,19.4,47.0,人事部,31.0,4,0
26.2,20608.0,5.3,3,34.3,120.0,技术部,48.0,4,1
19.2,17858.0,1.8,4,55.2,120.0,销售部,43.0,3,0
28.2,19022.0,2.8,3,25.2,120.0,销售部,53.0,4,1
31.1,19332.0,0.0,4,29.6,96.0,人事部,54.0,3,1
0.0,8559.0,8.5,4,9.5,0.0,技术部,23.0,7,0
14.2,13457.0,5.4,5,67.3,120.0,市场部,37.0,3,1
10.0,14294.0,1.3,3,33.1,102.0,财务部,40.0,1,0
5.1,9250.0,4.8,3,51.6,24.0,财务部,27.0,4,0
1.2,8907.0,7.5,3,30.6,120.0,人事部,33.0,0,1
32.3,16120.0,7.0,2,31.7,120.0,人事部,55.0,4,0
0.0,8199.0,1.2,3,0.0,0.0,市场部,23.0,5,0
10.3,12158.0,0.0,5,0.0,77.0,人事部,37.0,0,0
28.6,20481.0,5.2,3,55.0,120.0,销售部,50.0,3,0
3.2,10136.0,1.3,3,31.6,26.0,运营部,33.0,4,0
14.7,13088.0,5.9,4,34.1,103.0,财务部,38.0,4,1
27.4,16310.0,6.9,3,5.0,120.0,人事部,54.0,3,0
11.4,9939.0,7.3,3,11.9,120.0,运营部,38.0,2,0
0.0,7706.0,9.2,5,51.2,0.0,人事部,26.0,2,0
3.3,8570.0,7.7,2,64.8,21.0,运营部,24.0,4,1
31.0,19212.0,9.2,3,17.6,120.0,财务部,53.0,0,0
9.1,12158.0,8.1,4,43.4,120.0,技术部,31.0,2,0
15.4,13158.0,8.4,3,33.8,82.0,市场部,39.0,2,0
3.3,10198.0,3.9,3,27.6,22.0,销售部,25.0,2,1
4.9,10984.0,0.1,3,67.0,51.0,运营部,36.0,2,0
26.8,16425.0,11.4,3,20.9,120.0,销售部,53.0,4,0
11.5,11374.0,4.2,5,54.8,120.0,销售部,39.0,1,0
29.7,19153.0,7.7,3,37.6,120.0,销售部,54.0,3,0
7.7,8664.0,2.3,3,29.7,41.0,财务部,31.0,1,0
13.0,14843.0,6.9,3,57.4,120.0,财务部,39.0,3,0
26.5,14662.0,0.0,5,35.8,120.0,运营部,50.0,3,1
12.9,12293.0,2.8,2,28.1,52.0,市场部,37.0,2,0
5.6,9574.0,3.7,5,57.6,55.0,销售部,31.0,1,1
23.9,20733.0,5.4,3,55.0,66.0,技术部,50.0,2,0
3.2,15350.0,7.2,5,54.0,15.0,技术部,35.0,1,0
17.3,13399.0,0.7,3,0.0,85.0,市场部,40.0,2,0
28.1,12815.0,6.0,2,38.8,120.0,运营部,54.0,0,0
6.2,8468.0,7.7,4,34.2,120.0,财务部,28.0,4,1
7.8,11108.0,11.0,3,29.3,32.0,运营部,32.0,5,1
0.0,11580.0,6.1,4,42.2,120.0,技术部,23.0,1,1
12.9,13598.0,2.6,4,35.2,117.0,技术部,35.0,0,0
2.0,8238.0,0.2,4,43.6,23.0,运营部,29.0,3,0
19.0,15552.0,9.5,3,24.6,117.0,技术部,44.0,0,0
7.4,12974.0,6.2,4,60.0,120.0,技术部,28.0,2,0
12.8,11191.0,3.9,3,45.6,35.0,市场部,44.0,0,0
6.0,9995.0,0.0,5,40.9,62.0,运营部,31.0,1,1
4.6,10604.0,1.2,4,39.9,43.0,人事部,34.0,2,1
9.0,12316.0,5.9,4,53.1,99.0,技术部,34.0,1,1
14.8,12288.0,5.1,5,50.4,120.0,运营部,46.0,3,1
13.5,9270.0,0.0,4,27.7,120.0,运营部,37.0,0,1
9.1,9196.0,5.9,4,49.8,120.0,人事部,34.0,3,0
20.9,11657.0,0.0,3,33.5,120.0,运营部,50.0,2,0
16.9,13481.0,8.1,4,68.3,120.0,销售部,41.0,1,1
4.6,9979.0,4.6,3,52.0,23.0,运营部,29.0,2,0
20.1,14232.0,2.6,2,17.5,120.0,销售部,52.0,2,0
6.3,10508.0,7.0,4,76.6,120.0,人事部,33.0,2,0
0.0,6191.0,5.1,2,0.0,0.0,财务部,23.0,5,0
10.3,10707.0,8.0,4,42.7,120.0,人事部,38.0,1,1
0.0,7749.0,4.2,3,16.1,0.0,财务部,26.0,5,0
0.0,9967.0,4.4,3,67.6,0.0,财务部,30.0,4,1
20.2,13273.0,3.1,5,35.1,120.0,财务部,47.0,1,0
2.5,6591.0,4.8,2,14.1,7.0,人事部,26.0,3,1
28.7,16911.0,9.1,4,24.7,120.0,人事部,49.0,1,0
25.6,24195.0,2.5,4,15.7,120.0,技术部,53.0,2,0
12.1,12360.0,5.9,5,23.9,120.0,人事部,42.0,1,1
19.6,11889.0,1.4,3,23.4,115.0,财务部,45.0,2,0
24.0,15612.0,0.0,4,15.0,120.0,销售部,46.0,2,1
31.5,21072.0,4.6,3,35.4,120.0,财务部,55.0,2,0
6.9,9672.0,5.1,3,37.8,41.0,运营部,33.0,1,0
0.0,7541.0,3.7,3,10.1,0.0,运营部,27.0,2,0
16.9,10935.0,0.0,3,0.0,120.0,运营部,39.0,2,1
12.7,11337.0,4.9,4,36.2,120.0,市场部,40.0,2,0
0.0,8698.0,4.8,2,40.6,0.0,人事部,28.0,1,0
10.8,13595.0,1.3,3,44.6,48.0,市场部,42.0,1,0
0.6,5681.0,0.0,4,41.0,2.0,人事部,22.0,2,1
21.9,19189.0,3.2,3,61.5,120.0,财务部,53.0,2,1
3.8,10692.0,6.0,3,49.9,29.0,销售部,31.0,3,0
0.0,7649.0,5.2,3,83.6,120.0,销售部,23.0,1,1
5.4,11194.0,1.4,3,92.0,62.0,技术部,26.0,2,0
3.9,13152.0,4.4,4,0.0,10.0,技术部,30.0,3,0
3.5,8887.0,6.7,5,0.0,37.0,市场部,31.0,2,0
0.0,7685.0,0.5,4,29.9,120.0,市场部,23.0,3,1
5.8,13827.0,4.2,4,40.1,120.0,技术部,31.0,2,0
1.3,7429.0,8.0,2,28.5,10.0,市场部,28.0,2,0
7.4,12460.0,0.2,5,44.1,120.0,财务部,34.0,2,1
14.5,12596.0,7.5,3,24.6,120.0,销售部,35.0,3,1
7.7,10152.0,8.9,3,16.1,120.0,市场部,33.0,3,0
10.4,11906.0,3.3,3,19.1,120.0,市场部,33.0,3,0
0.0,8087.0,3.0,2,26.0,0.0,财务部,25.0,0,1
0.0,7272.0,7.1,4,46.9,120.0,市场部,23.0,1,1
5.4,8995.0,3.4,3,20.3,35.0,人事部,29.0,0,0
24.9,20474.0,0.0,3,24.2,120.0,销售部,47.0,0,0
32.4,20980.0,3.7,3,41.4,120.0,市场部,55.0,1,0
27.3,19668.0,5.4,5,26.0,111.0,市场部,53.0,0,1
8.5,11477.0,6.2,4,52.3,35.0,销售部,39.0,1,0
14.0,11149.0,1.4,5,11.6,39.0,人事部,40.0,0,1
11.3,12428.0,3.2,5,7.3,44.0,销售部,32.0,1,1
27.5,15021.0,6.9,5,36.1,120.0,销售部,48.0,0,1
24.3,15864.0,3.8,3,38.1,75.0,人事部,47.0,2,0
19.9,12948.0,0.0,3,12.7,116.0,运营部,50.0,2,1
24.5,13723.0,7.7,3,56.9,120.0,人事部,52.0,2,0
9.2,9142.0,3.4,3,68.5,92.0,运营部,36.0,2,0
23.2,12897.0,7.3,4,17.4,120.0,运营部,47.0,3,0
17.8,13944.0,0.0,1,59.7,120.0,市场部,49.0,2,0
8.0,9752.0,3.6,2,0.0,120.0,人事部,32.0,4,1
23.0,18814.0,5.5,4,51.5,120.0,销售部,53.0,6,1
0.0,6993.0,3.7,2,12.8,0.0,市场部,25.0,3,0
29.2,15966.0,0.5,2,49.5,120.0,财务部,55.0,2,0
16.3,14560.0,0.0,2,10.8,120.0,运营部,47.0,2,0
1.7,6095.0,8.6,4,28.6,10.0,运营部,25.0,3,0
16.1,13891.0,4.7,2,13.8,120.0,市场部,44.0,4,1
1.9,7894.0,7.5,2,25.7,9.0,财务部,23.0,1,1
21.3,17340.0,6.8,3,66.6,73.0,销售部,47.0,3,0
25.4,16912.0,5.8,4,27.8,99.0,人事部,48.0,3,0
21.2,15261.0,3.0,3,72.2,120.0,财务部,42.0,1,0
30.0,20815.0,5.5,2,22.3,120.0,财务部,50.0,0,0
1.1,8238.0,8.3,5,59.8,120.0,人事部,25.0,2,1
3.9,8354.0,4.2,5,0.0,46.0,财务部,31.0,4,0
10.5,13402.0,9.7,3,24.3,120.0,技术部,36.0,2,0
0.0,7686.0,0.0,3,19.3,120.0,销售部,23.0,3,0
5.1,11122.0,0.0,3,60.8,120.0,销售部,37.0,4,1
0.0,7950.0,7.0,4,33.7,0.0,人事部,31.0,2,1
13.5,13873.0,1.5,3,0.0,108.0,技术部,35.0,3,0
11.0,11343.0,10.1,5,3.8,117.0,销售部,36.0,5,0
23.2,15517.0,8.0,4,9.7,120.0,财务部,51.0,3,0
2.2,8744.0,8.8,4,48.7,12.0,人事部,31.0,3,0
26.6,18247.0,6.7,1,46.1,120.0,财务部,51.0,0,0
7.0,11571.0,1.2,5,24.0,25.0,运营部,36.0,4,1
11.5,8920.0,0.0,4,19.0,120.0,运营部,33.0,0,1
15.0,15989.0,8.5,4,44.3,120.0,技术部,39.0,3,1
7.4,11612.0,0.0,2,7.4,36.0,运营部,36.0,5,1
2.5,9684.0,8.8,4,39.2,7.0,财务部,30.0,2,0
9.0,12080.0,6.0,4,37.5,72.0,财务部,39.0,3,1
6.4,12321.0,3.8,5,24.5,40.0,技术部,27.0,1,0
11.9,9531.0,5.3,4,38.0,73.0,财务部,34.0,3,0
20.4,14822.0,5.4,4,32.0,120.0,人事部,41.0,1,1
13.7,12749.0,3.4,3,39.9,48.0,财务部,36.0,1,0
28.9,22907.0,8.3,4,3.3,112.0,技术部,49.0,3,0
3.9,9427.0,8.2,5,42.3,42.0,财务部,30.0,4,0
27.7,15190.0,4.5,4,50.5,120.0,运营部,54.0,2,1
20.1,12354.0,2.2,3,36.4,120.0,人事部,48.0,1,0
29.4,25761.0,7.9,1,42.0,120.0,技术部,54.0,0,0
30.0,15810.0,0.0,4,27.8,120.0,运营部,50.0,1,0
0.0,5894.0,5.3,5,47.8,120.0,运营部,27.0,3,1
18.3,14261.0,6.2,2,31.3,107.0,销售部,39.0,2,0
0.0,8645.0,1.5,3,7.0,0.0,人事部,28.0,1,0
28.7,16228.0,6.9,5,46.4,120.0,市场部,49.0,2,0
14.6,12616.0,3.9,4,0.0,120.0,财务部,41.0,1,1
0.3,9142.0,2.4,3,35.7,120.0,市场部,31.0,3,0
26.1,17318.0,6.9,3,22.3,120.0,人事部,53.0,1,0
0.0,7589.0,0.7,3,21.0,0.0,运营部,26.0,3,0
12.8,13041.0,6.6,2,33.4,120.0,人事部,41.0,2,0
24.5,12024.0,0.0,4,15.8,120.0,运营部,46.0,3,1
0.0,8002.0,4.9,4,40.2,0.0,运营部,24.0,3,1
11.4,18996.0,4.1,4,31.1,120.0,技术部,42.0,2,0
17.3,16416.0,2.4,4,17.7,63.0,销售部,49.0,2,0
0.0,7181.0,5.2,1,56.8,0.0,人事部,24.0,0,0
14.9,11356.0,3.8,3,34.1,120.0,财务部,39.0,1,0
2.0,11520.0,7.2,3,42.6,120.0,技术部,31.0,2,0
17.5,16150.0,5.7,2,58.3,120.0,技术部,44.0,4,0
2.9,6859.0,5.4,4,58.0,11.0,财务部,26.0,1,0
30.9,21618.0,4.9,2,41.6,120.0,财务部,53.0,0,0
30.0,17694.0,2.6,4,23.9,120.0,销售部,52.0,5,1
2.5,9926.0,3.1,3,1.4,120.0,销售部,28.0,2,0
11.0,13337.0,4.7,2,34.1,120.0,技术部,33.0,1,0
20.8,13569.0,3.5,3,51.9,120.0,财务部,41.0,4,0
25.4,19924.0,7.3,4,37.1,120.0,技术部,46.0,5,0
5.8,10003.0,4.3,4,0.0,120.0,财务部,37.0,2,0
6.1,9779.0,5.1,4,47.4,37.0,市场部,27.0,3,1
4.1,10150.0,0.0,2,48.6,120.0,市场部,25.0,0,0
29.6,15886.0,6.8,4,24.0,120.0,人事部,55.0,2,0
14.1,14712.0,2.3,4,49.8,120.0,财务部,37.0,2,1
19.4,14915.0,0.9,3,42.6,120.0,人事部,51.0,1,0
7.1,10437.0,8.9,2,16.3,120.0,人事部,38.0,3,0
27.1,13868.0,6.1,3,55.4,120.0,运营部,52.0,2,0
0.0,5756.0,6.9,2,4.7,120.0,人事部,25.0,2,0
1.5,9354.0,5.4,5,28.9,120.0,财务部,26.0,2,1
32.5,18996.0,3.7,3,26.9,120.0,市场部,53.0,2,0
29.5,18963.0,3.2,4,13.5,83.0,销售部,53.0,1,1
10.5,12260.0,6.3,4,36.1,36.0,财务部,32.0,2,0
12.8,14010.0,7.4,3,56.2,120.0,技术部,34.0,1,0
10.3,11634.0,3.8,4,55.0,120.0,运营部,37.0,2,1
14.8,10359.0,10.2,2,44.5,98.0,运营部,36.0,4,0
6.8,14520.0,3.4,3,0.0,51.0,技术部,28.0,1,0
26.2,13913.0,0.0,2,3.3,120.0,人事部,52.0,4,0
4.7,10493.0,0.0,3,33.3,51.0,技术部,30.0,0,0
23.3,14968.0,0.0,3,29.3,120.0,人事部,45.0,2,0
3.9,9425.0,2.8,4,20.0,21.0,技术部,24.0,1,0
0.7,8954.0,3.3,4,68.1,6.0,市场部,23.0,4,0
21.2,15763.0,6.0,4,32.1,120.0,财务部,44.0,1,0
3.4,7734.0,3.9,2,40.8,35.0,人事部,33.0,1,0
13.0,11663.0,6.5,5,49.8,120.0,市场部,44.0,4,0
0.1,8179.0,4.1,2,31.1,0.0,运营部,25.0,0,0
28.1,16495.0,4.0,4,81.8,120.0,人事部,53.0,0,1
18.5,18780.0,2.3,4,11.2,52.0,销售部,47.0,1,1
23.5,12421.0,8.3,4,17.9,120.0,人事部,51.0,2,0
4.8,9489.0,0.0,3,11.1,120.0,人事部,27.0,1,0
11.7,11381.0,4.9,4,61.3,76.0,市场部,33.0,2,1
8.7,10413.0,3.5,4,46.0,91.0,人事部,34.0,1,0
13.2,10798.0,6.3,2,19.1,85.0,运营部,40.0,2,0
10.3,8050.0,3.9,4,12.7,39.0,人事部,32.0,1,1
0.5,8199.0,4.0,2,57.7,120.0,人事部,24.0,0,0
10.3,13368.0,3.2,4,37.2,27.0,财务部,34.0,4,0
6.9,10279.0,8.2,4,58.2,35.0,销售部,30.0,1,0
9.5,11817.0,4.0,4,28.8,72.0,人事部,35.0,3,1
0.2,7145.0,9.9,3,40.2,120.0,市场部,28.0,0,0
4.9,8300.0,4.8,3,36.0,41.0,财务部,31.0,1,0
20.6,13290.0,4.1,3,17.5,120.0,销售部,43.0,1,0
13.8,12636.0,3.6,3,27.1,85.0,销售部,35.0,2,0
3.1,10213.0,5.7,4,6.3,120.0,技术部,33.0,0,1
14.2,11069.0,2.2,3,39.9,120.0,运营部,40.0,0,0
26.3,18136.0,4.4,4,45.2,120.0,技术部,47.0,1,1
11.9,16513.0,4.0,3,49.8,120.0,技术部,35.0,1,0
11.4,12679.0,5.0,3,43.3,67.0,运营部,41.0,1,0
25.0,18385.0,5.1,3,27.4,120.0,财务部,54.0,1,0
8.5,10166.0,5.2,2,61.0,80.0,市场部,39.0,4,1
24.8,16694.0,4.3,3,47.8,120.0,人事部,52.0,2,0
22.9,14199.0,8.7,3,57.8,120.0,市场部,48.0,5,0
0.0,10905.0,5.3,3,59.0,0.0,技术部,24.0,4,0
13.7,11221.0,11.8,3,27.5,120.0,人事部,36.0,3,0
17.2,14777.0,4.1,4,37.8,120.0,销售部,45.0,1,0
28.0,14876.0,6.9,5,45.5,120.0,财务部,55.0,3,1
15.1,12795.0,1.8,4,7.0,93.0,运营部,37.0,4,1
0.0,8202.0,8.2,3,7.5,120.0,运营部,25.0,2,0
16.6,14364.0,1.9,2,4.0,67.0,市场部,41.0,4,0
5.4,9584.0,5.4,2,27.8,15.0,人事部,26.0,1,0
23.1,18391.0,3.2,4,23.3,120.0,财务部,47.0,0,1
8.6,10157.0,5.4,4,1.3,120.0,市场部,39.0,3,1
15.0,19741.0,3.3,2,33.0,120.0,技术部,46.0,1,0
25.1,15665.0,1.6,3,28.1,85.0,市场部,51.0,2,0
11.5,12686.0,3.2,3,53.6,29.0,财务部,43.0,3,0
11.5,9784.0,8.6,3,70.3,102.0,运营部,42.0,2,0
17.1,22383.0,5.4,5,39.1,120.0,技术部,47.0,1,0
19.7,15153.0,0.1,3,16.1,120.0,人事部,50.0,3,0
26.4,13816.0,7.3,2,42.9,120.0,运营部,51.0,3,0
0.0,6360.0,1.3,3,30.2,0.0,运营部,23.0,2,0
13.1,12229.0,6.2,2,25.2,34.0,市场部,40.0,2,0
0.4,12044.0,5.7,2,12.8,3.0,技术部,29.0,0,0
27.9,21987.0,5.8,3,20.7,120.0,销售部,50.0,0,0
14.2,11107.0,9.6,3,26.4,120.0,运营部,43.0,2,0
4.5,9168.0,1.5,2,46.1,14.0,运营部,36.0,1,1
4.4,9419.0,5.8,4,40.2,49.0,财务部,28.0,1,0
1.2,11437.0,7.8,4,66.5,9.0,技术部,33.0,2,0
20.5,19337.0,2.1,2,43.5,120.0,技术部,45.0,3,0
6.6,8145.0,1.8,5,38.5,24.0,市场部,29.0,6,0
3.7,7361.0,3.1,3,23.9,12.0,财务部,25.0,3,0
21.6,19940.0,5.0,5,9.3,120.0,技术部,51.0,3,1
20.3,15856.0,0.0,5,18.6,120.0,人事部,47.0,4,1
5.3,8843.0,5.7,3,16.0,120.0,财务部,29.0,2,0
4.7,11395.0,0.0,3,0.0,26.0,技术部,32.0,3,0
30.0,25816.0,7.9,4,9.8,120.0,技术部,54.0,2,0
19.6,17305.0,5.5,3,62.0,120.0,市场部,45.0,3,0
11.6,11172.0,9.7,3,37.4,58.0,人事部,42.0,2,1
4.0,6942.0,6.0,4,22.5,120.0,人事部,32.0,1,0
2.9,10086.0,3.1,3,38.0,17.0,市场部,32.0,2,0
0.0,7917.0,1.6,5,0.0,120.0,销售部,23.0,1,1
14.1,13206.0,4.7,4,35.6,120.0,运营部,46.0,1,0
0.1,6806.0,3.9,5,55.5,1.0,市场部,23.0,2,0
0.0,6432.0,7.6,4,27.6,0.0,销售部,22.0,0,0
24.9,14892.0,1.2,4,0.0,120.0,市场部,46.0,2,0
26.4,24234.0,10.1,4,21.7,103.0,技术部,53.0,2,0
19.6,15763.0,7.8,5,55.6,120.0,销售部,47.0,1,0
9.3,10261.0,3.4,5,35.2,93.0,财务部,38.0,3,1
14.0,11088.0,9.4,4,1.6,120.0,运营部,38.0,2,1
15.9,12465.0,1.7,4,77.4,86.0,人事部,36.0,4,1
5.4,7653.0,4.6,4,4.9,37.0,人事部,33.0,1,0
7.0,12113.0,0.2,3,25.1,65.0,财务部,39.0,1,0
12.5,16506.0,9.5,5,9.3,50.0,技术部,36.0,2,1
19.8,13523.0,0.0,1,9.3,120.0,市场部,42.0,0,0
28.6,18735.0,0.0,3,21.0,120.0,运营部,52.0,3,0
29.9,27441.0,2.1,3,42.7,120.0,技术部,55.0,2,0
2.0,6796.0,8.0,4,55.8,10.0,运营部,25.0,1,0
10.8,8343.0,6.9,4,22.3,101.0,人事部,35.0,2,0
0.3,8389.0,4.4,3,9.8,120.0,销售部,28.0,2,0
9.9,8794.0,7.1,2,39.6,103.0,人事部,34.0,0,0
6.2,9069.0,3.7,3,40.2,42.0,运营部,31.0,4,1
7.5,14722.0,5.3,3,34.8,120.0,技术部,28.0,2,0
16.0,21269.0,9.0,1,35.5,120.0,技术部,47.0,0,0
13.1,11363.0,3.3,4,27.7,120.0,财务部,38.0,2,1
28.1,15230.0,1.7,3,32.0,120.0,运营部,52.0,1,0
2.0,8313.0,5.4,3,26.4,10.0,技术部,23.0,0,0
0.0,7734.0,6.2,3,51.4,0.0,财务部,24.0,2,0
4.6,10912.0,4.3,4,74.6,52.0,技术部,35.0,2,0
4.5,10168.0,7.0,5,33.6,17.0,财务部,25.0,2,0
9.3,12053.0,3.4,2,29.9,41.0,财务部,31.0,1,0
33.2,21750.0,4.4,3,35.1,114.0,技术部,55.0,2,0
1.8,8464.0,5.1,4,16.8,8.0,人事部,29.0,3,0
0.0,7719.0,4.9,2,45.3,0.0,运营部,29.0,1,0
15.7,13403.0,8.8,4,38.8,120.0,运营部,41.0,3,0
13.9,16066.0,5.1,5,21.6,46.0,技术部,38.0,1,1
11.8,12064.0,3.1,4,48.0,120.0,销售部,41.0,1,1
5.1,11755.0,5.6,5,30.4,120.0,销售部,34.0,1,0
26.0,13771.0,7.0,3,10.6,120.0,市场部,49.0,5,0
5.1,12190.0,6.3,3,37.0,35.0,技术部,27.0,1,0
11.7,9352.0,6.2,2,34.7,88.0,运营部,36.0,3,0
15.7,13426.0,0.0,2,49.2,69.0,人事部,45.0,3,0
22.7,16483.0,0.0,3,46.6,120.0,人事部,51.0,2,0
6.0,9560.0,7.8,3,27.8,48.0,销售部,34.0,2,0
11.0,15415.0,5.3,4,20.6,38.0,技术部,41.0,1,0
0.7,7617.0,3.9,3,30.0,120.0,运营部,24.0,3,0
3.9,8549.0,6.1,4,37.3,21.0,销售部,28.0,5,1
3.5,8521.0,9.8,3,39.7,14.0,财务部,24.0,1,0
15.6,13485.0,8.2,3,36.0,120.0,运营部,46.0,2,0
5.0,12000.0,6.9,3,28.2,120.0,技术部,32.0,2,0
22.4,22649.0,1.3,4,49.9,67.0,技术部,46.0,1,0
3.2,10758.0,1.7,4,16.5,15.0,技术部,24.0,2,1
21.3,21529.0,0.0,4,79.6,116.0,技术部,50.0,4,1
21.0,17478.0,5.9,2,45.3,120.0,技术部,50.0,1,1
0.0,5645.0,7.3,3,7.5,120.0,人事部,25.0,2,0
0.6,6210.0,7.6,5,33.7,4.0,财务部,23.0,1,0
0.0,7945.0,6.0,2,45.5,120.0,运营部,24.0,1,0
21.0,16293.0,3.5,3,23.0,120.0,人事部,50.0,0,0
2.1,9016.0,2.3,2,0.1,13.0,运营部,30.0,3,0
12.2,12040.0,1.5,2,9.2,120.0,销售部,40.0,3,0
5.1,11579.0,3.5,3,40.8,50.0,销售部,36.0,5,0
16.9,14676.0,1.1,3,0.0,120.0,运营部,48.0,1,0
10.9,13981.0,9.3,4,1.0,58.0,销售部,38.0,1,0
14.0,13916.0,0.1,5,40.7,99.0,技术部,39.0,4,0
30.6,19149.0,3.4,3,25.5,120.0,人事部,55.0,0,0
0.0,6262.0,0.0,2,16.1,120.0,人事部,27.0,4,0
21.3,12205.0,4.9,4,20.1,120.0,运营部,49.0,4,1
3.1,8585.0,4.0,3,0.6,21.0,运营部,24.0,1,0
16.3,16744.0,2.9,5,39.7,120.0,技术部,38.0,4,1
20.2,13403.0,1.2,3,13.9,72.0,人事部,51.0,3,0
13.4,12209.0,4.0,4,19.3,120.0,运营部,44.0,2,0
13.6,14457.0,2.4,5,36.9,120.0,人事部,45.0,2,0
5.9,7501.0,3.6,3,24.9,15.0,人事部,31.0,2,0
6.6,10640.0,9.9,4,15.9,43.0,运营部,36.0,0,0
4.1,9263.0,4.5,4,0.0,33.0,市场部,34.0,2,0
15.2,14190.0,5.6,4,37.3,120.0,技术部,39.0,4,0
15.3,12216.0,2.6,3,31.6,120.0,市场部,37.0,3,0
1.0,10261.0,1.6,3,19.7,5.0,销售部,33.0,3,0
11.6,12756.0,3.9,2,9.3,120.0,技术部,32.0,3,0
2.8,11332.0,11.5,5,30.3,33.0,技术部,30.0,1,0
6.2,9811.0,3.1,2,39.6,41.0,人事部,34.0,1,0
0.0,8296.0,5.1,2,32.0,0.0,财务部,27.0,1,0
27.9,18768.0,1.5,5,62.8,120.0,财务部,51.0,2,1
13.3,13234.0,0.0,3,44.1,111.0,人事部,42.0,2,0
3.4,8268.0,1.6,4,27.9,24.0,财务部,26.0,1,0
15.1,13346.0,11.1,3,44.8,120.0,财务部,45.0,0,0
27.4,22045.0,5.8,4,31.0,120.0,技术部,50.0,3,1
1.6,8149.0,8.9,3,30.9,11.0,运营部,30.0,1,0
0.0,6789.0,3.0,3,55.9,0.0,市场部,27.0,5,1
0.0,8779.0,0.0,4,12.0,0.0,技术部,22.0,4,1
1.1,6114.0,0.7,3,30.5,11.0,人事部,24.0,2,0
17.7,12531.0,5.2,3,53.8,47.0,人事部,47.0,1,0
34.0,29454.0,4.7,2,36.2,82.0,技术部,55.0,4,0
0.7,8625.0,4.0,4,22.6,8.0,销售部,23.0,1,0
21.5,19391.0,2.4,3,0.0,120.0,技术部,47.0,2,0
0.0,8580.0,6.8,3,0.0,120.0,销售部,24.0,3,0
15.3,18543.0,2.5,3,71.5,80.0,技术部,42.0,2,1
22.3,13596.0,4.9,3,36.2,120.0,人事部,47.0,4,0
2.3,9360.0,4.6,4,18.3,23.0,财务部,34.0,3,0
0.0,7099.0,2.9,3,37.0,120.0,运营部,22.0,6,0
16.8,10134.0,1.4,5,11.0,120.0,人事部,42.0,2,1
30.1,18563.0,2.7,4,23.4,112.0,财务部,55.0,1,0
7.3,10301.0,9.6,4,11.2,65.0,财务部,31.0,3,0
4.1,12930.0,7.3,4,1.7,34.0,技术部,28.0,1,0
0.0,12253.0,7.1,2,0.0,0.0,技术部,26.0,1,0
19.5,15544.0,1.6,5,0.0,120.0,财务部,40.0,3,0
13.8,17004.0,0.0,4,50.4,120.0,技术部,42.0,1,1
25.6,18411.0,7.3,4,10.3,96.0,技术部,48.0,2,1
22.4,17686.0,6.7,3,40.7,120.0,销售部,47.0,2,0
29.2,17846.0,4.4,3,49.1,120.0,运营部,51.0,4,0
22.4,18568.0,2.9,4,30.3,120.0,市场部,49.0,2,0
1.2,8890.0,0.0,3,24.0,120.0,人事部,30.0,0,0
15.7,11505.0,6.6,4,32.7,84.0,市场部,40.0,2,1
10.0,12890.0,7.6,3,21.7,30.0,销售部,32.0,1,1
10.3,12684.0,2.0,4,54.1,56.0,市场部,33.0,1,0
23.2,23129.0,1.7,3,67.5,120.0,技术部,53.0,0,0
21.8,14609.0,7.7,3,59.0,120.0,人事部,45.0,2,0
24.7,18745.0,2.1,2,0.0,120.0,销售部,54.0,2,0
12.0,12447.0,9.3,4,21.3,40.0,市场部,36.0,1,1
17.7,11184.0,3.7,4,30.1,120.0,运营部,40.0,2,1
9.3,9659.0,2.8,5,39.3,120.0,财务部,38.0,2,1
0.4,9026.0,4.1,4,0.0,1.0,市场部,26.0,0,0
9.6,12267.0,2.8,4,0.0,67.0,财务部,30.0,3,1
7.5,11673.0,7.4,4,56.1,23.0,人事部,39.0,3,0
2.2,8256.0,6.7,4,18.8,9.0,销售部,24.0,4,0
28.8,14831.0,7.3,5,0.3,120.0,财务部,53.0,1,1
1.4,6715.0,4.6,4,7.9,120.0,运营部,26.0,1,0
3.1,10200.0,2.6,2,37.8,30.0,财务部,29.0,4,1
17.6,15478.0,4.0,4,13.5,120.0,市场部,47.0,0,0
4.9,13468.0,2.7,2,34.8,14.0,技术部,25.0,1,0
20.8,16451.0,8.4,2,10.4,120.0,销售部,52.0,3,0
18.2,13355.0,7.0,4,0.0,120.0,运营部,46.0,1,1
0.0,8482.0,3.7,4,58.5,0.0,财务部,24.0,3,0
15.2,13555.0,1.2,3,38.0,120.0,销售部,45.0,1,0
11.9,15212.0,8.6,2,23.3,86.0,市场部,43.0,2,0
19.8,15565.0,4.4,5,19.6,120.0,财务部,47.0,1,0
24.7,13083.0,3.6,2,59.3,119.0,财务部,49.0,2,0
20.7,10965.0,8.6,2,41.8,120.0,人事部,46.0,4,0
13.1,16195.0,2.5,4,52.9,120.0,销售部,41.0,2,1
7.9,11142.0,3.0,4,18.3,19.0,财务部,33.0,1,0
16.2,15462.0,3.3,4,31.0,120.0,市场部,45.0,1,0
32.9,18722.0,0.1,4,38.0,120.0,运营部,54.0,2,1
11.0,15544.0,4.9,3,19.0,89.0,技术部,41.0,3,0
21.5,21684.0,1.7,3,28.1,120.0,技术部,44.0,2,0
4.7,12150.0,2.3,4,18.3,120.0,市场部,36.0,2,0
25.1,13963.0,1.9,4,38.0,120.0,财务部,47.0,0,0
33.5,18857.0,2.2,3,3.6,120.0,人事部,55.0,0,0
0.0,7431.0,1.5,3,41.4,0.0,市场部,27.0,6,0
0.0,6978.0,4.7,3,36.2,0.0,运营部,29.0,2,0
11.1,11794.0,3.5,2,25.9,114.0,市场部,40.0,2,0
6.5,16380.0,4.1,3,39.0,28.0,技术部,38.0,2,0
17.8,14416.0,11.1,1,22.7,120.0,技术部,41.0,5,0
0.0,6659.0,3.5,4,16.6,0.0,运营部,24.0,4,1
10.8,15901.0,5.8,3,40.9,114.0,技术部,35.0,2,0
14.6,9930.0,6.2,4,41.7,97.0,运营部,41.0,2,1
15.7,16328.0,3.8,4,19.9,120.0,销售部,41.0,3,1
23.9,23528.0,4.8,4,18.1,120.0,技术部,44.0,3,0
19.1,13543.0,4.1,5,26.3,120.0,销售部,46.0,3,1
14.0,11411.0,4.6,3,19.0,73.0,财务部,43.0,2,0
25.9,19486.0,2.2,2,60.5,120.0,市场部,48.0,4,0
11.8,10136.0,2.5,4,36.3,43.0,人事部,43.0,2,0
13.6,10578.0,4.1,1,30.3,87.0,财务部,40.0,2,0
19.9,16863.0,0.0,3,11.3,120.0,市场部,42.0,2,0
0.0,8967.0,8.5,2,44.8,120.0,财务部,25.0,2,1
8.7,9933.0,10.5,5,17.8,85.0,运营部,31.0,3,0
18.2,13768.0,4.5,1,16.9,120.0,市场部,39.0,2,0
22.8,24607.0,6.0,3,45.5,103.0,技术部,51.0,3,0
22.7,16082.0,7.2,3,37.7,120.0,市场部,44.0,3,0
3.7,8125.0,0.0,4,0.0,120.0,运营部,25.0,1,0
13.1,16166.0,6.8,3,26.8,120.0,销售部,42.0,1,0
8.3,9561.0,2.7,5,32.5,120.0,运营部,29.0,2,0
16.3,14181.0,10.9,4,23.2,81.0,财务部,46.0,1,0
19.4,14558.0,3.4,3,33.2,120.0,财务部,49.0,2,0
20.3,15816.0,6.7,3,0.0,120.0,销售部,42.0,4,0
15.8,12223.0,3.5,4,0.0,120.0,运营部,42.0,0,1
11.8,13885.0,10.6,4,10.5,52.0,技术部,33.0,1,0
9.4,12312.0,2.5,3,35.6,37.0,销售部,37.0,2,1
30.2,19826.0,7.5,3,0.0,120.0,市场部,51.0,2,0
14.7,13378.0,5.9,2,13.1,107.0,市场部,46.0,1,0
16.5,10654.0,5.2,2,0.0,106.0,市场部,39.0,2,0
5.8,12180.0,4.7,2,25.1,120.0,技术部,34.0,0,0
2.5,7954.0,2.0,1,69.2,120.0,销售部,24.0,1,0
4.5,13001.0,0.0,3,25.7,14.0,技术部,27.0,6,0
2.6,8543.0,7.2,5,27.8,14.0,财务部,28.0,1,0
7.1,9596.0,2.5,4,46.8,28.0,市场部,34.0,3,0
21.0,18157.0,7.5,4,30.4,120.0,财务部,53.0,1,0
18.7,10976.0,5.1,4,25.7,120.0,财务部,39.0,3,0
10.0,8219.0,7.6,4,48.5,119.0,人事部,30.0,2,0
0.8,8944.0,6.4,2,39.4,3.0,财务部,25.0,3,0
8.6,10886.0,0.0,4,35.8,120.0,财务部,33.0,0,1
18.4,16675.0,5.8,3,27.2,120.0,财务部,49.0,2,0
4.0,11409.0,3.0,4,23.1,120.0,财务部,35.0,2,0
16.4,16863.0,7.5,5,48.3,120.0,财务部,47.0,3,0
26.3,14944.0,5.8,5,23.3,120.0,销售部,48.0,0,0
1.1,10001.0,5.8,3,54.6,12.0,销售部,26.0,4,0
13.0,12580.0,3.2,4,9.1,35.0,人事部,42.0,0,1
30.2,16014.0,1.3,2,58.7,120.0,市场部,54.0,2,0
7.0,12489.0,2.7,1,39.4,82.0,财务部,35.0,2,0
1.2,8294.0,0.0,1,10.6,3.0,销售部,24.0,2,0
28.1,20121.0,2.2,3,40.2,120.0,市场部,52.0,2,0
20.7,16454.0,0.0,4,17.0,120.0,财务部,51.0,3,0
16.0,13190.0,0.0,3,30.7,77.0,财务部,39.0,2,0
8.4,10089.0,4.3,1,20.3,99.0,财务部,40.0,2,0
5.3,10970.0,5.6,5,27.3,22.0,市场部,29.0,2,1
28.7,15730.0,3.9,4,48.8,120.0,运营部,49.0,1,0
14.9,10175.0,2.5,3,40.4,120.0,财务部,38.0,3,0
0.9,5544.0,1.2,4,7.5,7.0,人事部,23.0,1,0
18.9,14529.0,3.0,4,8.6,120.0,人事部,45.0,2,0
31.6,15799.0,1.5,3,35.4,120.0,财务部,53.0,3,0
21.5,14641.0,3.8,4,36.9,120.0,运营部,49.0,1,0
0.5,12199.0,0.0,5,16.5,2.0,技术部,31.0,0,0
0.0,6236.0,6.1,3,61.8,0.0,运营部,24.0,2,0
31.0,16788.0,2.3,3,46.3,120.0,运营部,53.0,3,0
28.2,15762.0,5.1,1,17.5,120.0,财务部,53.0,2,0
10.6,12855.0,6.7,5,15.6,85.0,人事部,40.0,4,0
15.9,15594.0,5.0,3,25.4,120.0,财务部,43.0,3,0
15.8,12796.0,6.4,3,23.4,120.0,销售部,37.0,3,1
9.6,10305.0,0.0,5,55.1,86.0,人事部,36.0,0,1
0.4,8780.0,2.5,4,49.7,120.0,销售部,26.0,1,1
1.1,10380.0,7.3,2,30.7,3.0,销售部,25.0,2,0
8.7,9806.0,5.5,3,43.6,66.0,财务部,30.0,3,0
18.2,13965.0,9.5,3,46.5,120.0,运营部,50.0,2,0
4.9,10578.0,9.1,5,31.2,45.0,市场部,27.0,2,1
6.7,8383.0,4.9,3,38.1,55.0,市场部,29.0,2,0
18.3,18117.0,3.2,3,41.9,97.0,技术部,40.0,1,0
2.2,9625.0,1.1,4,39.8,10.0,技术部,29.0,2,0
1.7,11420.0,2.6,3,14.4,120.0,技术部,27.0,4,0
18.0,16915.0,2.8,2,16.4,120.0,技术部,41.0,1,0
8.8,11602.0,2.2,5,24.2,120.0,运营部,34.0,3,0
14.9,11678.0,1.2,1,15.9,111.0,运营部,43.0,1,0
28.6,13473.0,5.2,5,0.5,120.0,人事部,52.0,1,0
0.0,11863.0,9.1,4,43.5,0.0,技术部,27.0,1,1
28.3,25611.0,6.8,2,36.9,112.0,技术部,52.0,2,0
29.6,21011.0,3.0,4,3.2,120.0,销售部,52.0,1,1
17.5,16328.0,7.0,4,25.2,77.0,财务部,49.0,0,1
13.3,11876.0,5.0,4,26.3,120.0,市场部,43.0,1,0
17.9,14669.0,3.9,4,33.6,46.0,市场部,42.0,2,0
12.9,11684.0,3.7,2,8.4,98.0,销售部,43.0,3,0
18.8,11476.0,3.4,2,2.9,113.0,人事部,45.0,7,0
0.0,9612.0,6.0,4,40.4,120.0,销售部,23.0,2,0
23.9,24044.0,4.4,2,0.0,108.0,技术部,54.0,0,0
12.0,10078.0,1.8,3,25.3,120.0,人事部,41.0,3,0
24.4,12222.0,1.7,3,23.5,120.0,运营部,48.0,1,1
6.7,16009.0,4.9,3,27.5,76.0,技术部,34.0,2,1
0.0,6168.0,5.3,4,35.1,0.0,市场部,22.0,1,1
19.0,11091.0,3.1,4,62.0,120.0,人事部,39.0,5,1
7.5,8918.0,0.6,4,0.0,120.0,人事部,39.0,1,0
9.4,8152.0,7.8,2,47.5,120.0,运营部,36.0,2,0
5.8,9358.0,7.1,3,0.0,22.0,市场部,33.0,2,0
2.8,10778.0,0.0,4,57.9,26.0,市场部,30.0,2,0
12.4,10395.0,8.0,3,0.0,99.0,人事部,39.0,5,1
10.5,14585.0,3.4,4,78.7,82.0,技术部,34.0,0,0
22.3,20008.0,4.6,4,22.2,120.0,销售部,54.0,0,1
0.5,8470.0,7.4,3,55.8,4.0,财务部,28.0,3,0
4.9,9808.0,9.0,3,51.7,29.0,人事部,33.0,0,0
6.5,13979.0,7.0,4,21.3,35.0,技术部,32.0,3,0
16.5,13878.0,4.7,2,22.8,79.0,财务部,40.0,3,0
17.2,13927.0,0.0,5,13.3,120.0,市场部,38.0,3,1
18.8,15910.0,0.0,4,45.7,99.0,财务部,43.0,0,1
30.9,17689.0,6.6,2,21.5,110.0,运营部,53.0,3,0
3.1,13457.0,8.0,4,13.6,31.0,技术部,31.0,0,0
14.5,10543.0,1.6,3,40.7,64.0,运营部,45.0,2,0
0.0,7979.0,3.2,3,12.1,120.0,市场部,23.0,1,0
7.0,9903.0,2.3,5,23.4,74.0,人事部,31.0,3,0
9.0,10442.0,2.2,4,32.1,82.0,市场部,37.0,4,0
1.2,9726.0,7.2,4,17.2,12.0,销售部,23.0,2,0
10.8,10338.0,4.7,4,20.2,62.0,人事部,42.0,0,1
19.6,11729.0,3.3,4,60.7,120.0,人事部,44.0,0,0
25.8,24167.0,12.0,3,25.9,120.0,技术部,47.0,1,0
16.9,10702.0,0.0,3,22.8,86.0,人事部,39.0,0,0
10.8,10835.0,5.6,3,26.5,120.0,人事部,42.0,1,1
12.0,11035.0,0.9,3,39.1,48.0,市场部,35.0,3,0
0.0,7773.0,3.5,3,9.3,0.0,运营部,23.0,2,0
3.1,8220.0,4.4,4,38.5,16.0,财务部,25.0,1,0
21.7,16101.0,6.5,3,35.1,120.0,市场部,44.0,3,1
24.4,24888.0,3.2,4,0.0,120.0,技术部,55.0,0,0
1.2,7275.0,2.9,4,65.9,14.0,人事部,23.0,5,0
19.8,18081.0,3.2,5,59.2,120.0,销售部,40.0,1,1
21.0,15386.0,0.8,3,14.0,120.0,人事部,47.0,2,1
18.6,14468.0,5.9,5,7.6,120.0,财务部,49.0,0,0
16.1,15604.0,4.8,4,34.6,70.0,市场部,40.0,2,0
20.5,18904.0,5.3,2,1.5,120.0,技术部,42.0,0,0
13.2,9750.0,3.8,3,57.3,40.0,人事部,45.0,4,0
21.9,18662.0,3.4,3,20.6,108.0,技术部,50.0,1,0
0.0,8285.0,7.5,4,62.4,0.0,市场部,26.0,1,0
24.0,13006.0,7.1,4,13.5,120.0,运营部,53.0,2,0
0.0,6930.0,8.2,3,27.8,120.0,运营部,23.0,2,0
25.4,14096.0,5.1,4,55.3,120.0,运营部,50.0,4,0
1.1,7272.0,8.1,3,23.5,8.0,运营部,25.0,5,0
0.0,6566.0,2.8,3,35.4,120.0,财务部,28.0,1,1
0.0,9149.0,3.4,5,51.9,0.0,销售部,22.0,2,0
5.6,9073.0,7.6,5,18.9,64.0,运营部,37.0,1,0
6.2,7851.0,6.5,4,4.8,33.0,人事部,33.0,3,0
3.5,7679.0,3.1,3,0.8,11.0,运营部,27.0,3,0
11.1,11705.0,0.9,2,41.7,38.0,财务部,37.0,0,0
7.6,14771.0,3.4,3,37.8,81.0,技术部,35.0,2,0
21.9,15582.0,1.9,3,51.2,120.0,财务部,47.0,2,0
21.5,13038.0,9.2,3,24.5,120.0,市场部,51.0,1,0
17.0,14472.0,6.3,5,1.4,120.0,运营部,44.0,5,0
5.9,8922.0,1.7,4,0.0,120.0,市场部,26.0,1,1
5.2,8993.0,0.9,3,87.4,46.0,销售部,32.0,6,0
24.4,24050.0,1.7,3,40.5,120.0,技术部,52.0,4,0
0.0,7422.0,2.3,3,32.7,120.0,运营部,25.0,2,1
10.0,10730.0,3.5,3,35.6,55.0,人事部,35.0,4,0
26.1,21668.0,7.3,4,1.4,120.0,技术部,53.0,3,0
27.3,16787.0,1.1,2,14.1,120.0,市场部,53.0,1,0
9.6,11485.0,10.9,4,64.9,41.0,市场部,36.0,3,1
23.2,12500.0,1.2,2,43.2,120.0,市场部,44.0,2,0
6.2,8930.0,0.0,3,14.7,42.0,运营部,37.0,0,0
16.1,22171.0,9.1,5,5.5,120.0,技术部,47.0,4,0
0.0,8727.0,8.0,3,19.7,0.0,销售部,23.0,2,0
0.3,8632.0,3.5,2,23.7,2.0,销售部,27.0,3,1
21.3,14237.0,5.1,4,71.0,64.0,销售部,42.0,1,1
2.8,8954.0,5.2,3,26.2,120.0,运营部,30.0,4,0
18.9,11701.0,4.4,2,6.2,120.0,运营部,44.0,0,0
5.5,11469.0,0.1,1,28.8,120.0,技术部,34.0,0,0
30.4,15280.0,0.0,2,35.3,120.0,财务部,51.0,2,0
20.5,18554.0,1.5,4,4.4,120.0,销售部,49.0,1,0
14.6,14675.0,9.4,3,38.0,73.0,销售部,38.0,1,0
20.2,13879.0,9.6,4,54.2,120.0,销售部,48.0,6,1
3.5,8701.0,3.2,5,32.8,36.0,销售部,31.0,2,0
15.3,13443.0,1.1,2,14.1,95.0,市场部,38.0,3,0
3.7,8414.0,4.8,3,19.4,120.0,运营部,29.0,1,0
20.0,16653.0,5.3,2,0.0,120.0,财务部,50.0,1,0
21.7,12302.0,5.8,3,27.3,120.0,人事部,49.0,2,0
31.2,19675.0,0.0,3,36.2,120.0,市场部,52.0,3,0
25.7,25634.0,13.5,4,12.1,120.0,技术部,51.0,1,0
30.3,24562.0,7.4,3,68.8,120.0,技术部,54.0,1,0
2.3,8658.0,3.4,3,45.8,7.0,销售部,30.0,0,0
25.6,20126.0,1.8,4,0.0,80.0,销售部,53.0,2,1
20.9,12087.0,7.0,4,0.0,52.0,运营部,41.0,1,0
8.7,8218.0,5.5,3,10.3,33.0,运营部,36.0,4,0
11.2,10145.0,4.3,3,61.5,96.0,运营部,40.0,1,0
3.8,11285.0,5.4,5,47.8,16.0,财务部,33.0,2,0
11.3,10667.0,3.7,3,62.5,68.0,财务部,32.0,1,0
6.4,11207.0,5.2,4,30.2,59.0,财务部,30.0,3,1
0.0,7777.0,6.2,4,25.8,0.0,市场部,25.0,4,0
15.8,11653.0,5.0,4,5.0,70.0,人事部,38.0,1,1
26.0,12164.0,4.9,3,37.0,120.0,人事部,51.0,3,0
22.1,14117.0,8.2,2,26.1,120.0,人事部,43.0,1,0
17.6,11273.0,0.0,3,25.3,120.0,财务部,39.0,3,0
8.0,14178.0,1.6,4,62.4,120.0,技术部,36.0,1,1
13.8,10017.0,4.1,4,27.5,120.0,人事部,37.0,2,1
0.5,8086.0,1.8,4,56.6,2.0,市场部,29.0,4,0
28.4,15554.0,2.8,5,0.0,87.0,人事部,49.0,2,0
2.2,7083.0,7.9,5,83.8,23.0,财务部,29.0,3,0
21.3,12468.0,3.6,4,22.5,52.0,运营部,46.0,0,0
17.4,17376.0,0.0,2,44.1,120.0,市场部,47.0,2,0
11.6,9236.0,2.7,3,47.3,28.0,运营部,41.0,0,0
25.5,13861.0,4.2,4,20.1,120.0,运营部,50.0,6,0
4.5,9908.0,4.1,4,46.4,39.0,销售部,32.0,0,1
28.3,16475.0,5.7,3,47.4,120.0,市场部,51.0,1,0
19.0,15787.0,5.4,4,15.7,120.0,财务部,46.0,4,0
27.0,13433.0,3.6,3,16.0,106.0,人事部,48.0,1,0
18.8,12719.0,0.4,3,30.9,98.0,人事部,44.0,2,0
27.8,16244.0,2.7,4,27.7,120.0,运营部,50.0,3,0
24.4,15913.0,2.1,3,57.9,64.0,市场部,55.0,1,0
10.7,13612.0,3.1,4,44.1,87.0,财务部,36.0,2,0
21.9,18748.0,6.1,4,28.6,120.0,市场部,49.0,1,0
22.7,11896.0,5.2,4,42.1,120.0,运营部,47.0,2,1
13.5,12633.0,6.5,3,0.0,76.0,销售部,37.0,0,0
30.6,15959.0,2.8,4,17.7,120.0,财务部,53.0,5,0
4.1,11451.0,8.5,3,35.8,25.0,技术部,35.0,5,0
11.4,11147.0,6.0,4,52.3,120.0,运营部,41.0,1,0
3.4,8645.0,4.3,2,34.0,120.0,市场部,25.0,4,0
0.0,8102.0,5.8,5,59.2,0.0,市场部,29.0,2,0
25.0,14999.0,2.0,4,47.4,120.0,财务部,50.0,0,0
14.8,11129.0,0.0,3,20.2,120.0,市场部,35.0,2,0
8.7,11838.0,2.2,3,27.2,51.0,运营部,35.0,2,0
8.4,11905.0,6.2,3,38.2,62.0,财务部,30.0,1,0
15.5,10629.0,4.2,4,21.0,42.0,财务部,38.0,4,0
20.6,21370.0,3.6,4,60.6,120.0,技术部,49.0,5,1
28.9,22460.0,1.5,4,7.8,120.0,技术部,52.0,0,1
0.0,8174.0,0.0,5,36.3,0.0,市场部,24.0,1,0
13.1,11939.0,8.3,3,44.7,120.0,运营部,41.0,3,0
7.0,11389.0,3.4,4,23.7,57.0,运营部,37.0,1,1
14.6,10930.0,2.7,3,19.2,120.0,财务部,42.0,0,0
6.6,10216.0,2.0,4,28.5,37.0,财务部,37.0,1,0
10.7,13602.0,7.8,3,46.2,30.0,市场部,35.0,3,0
11.4,11503.0,6.6,4,20.0,120.0,销售部,38.0,2,1
14.8,14502.0,1.1,1,8.6,120.0,技术部,41.0,2,0
8.2,12542.0,7.5,3,53.0,69.0,市场部,39.0,1,0
16.0,15765.0,3.6,3,38.0,106.0,销售部,38.0,1,0
22.1,18542.0,2.2,5,50.2,120.0,销售部,49.0,0,1
17.9,17871.0,3.1,4,45.2,51.0,销售部,47.0,5,1
8.6,14946.0,1.7,3,73.6,35.0,技术部,33.0,5,0
17.6,12575.0,0.0,3,52.3,120.0,财务部,48.0,2,0
25.5,15587.0,6.3,3,15.5,120.0,运营部,50.0,1,0
4.9,9027.0,3.3,5,39.4,14.0,人事部,27.0,2,0
14.0,14843.0,5.9,5,18.9,120.0,市场部,41.0,1,0
6.0,8850.0,4.9,4,20.9,41.0,市场部,31.0,5,1
25.8,15033.0,5.6,4,1.7,120.0,销售部,46.0,2,0
9.2,14953.0,0.0,3,24.3,91.0,技术部,30.0,1,0
21.7,13485.0,1.4,3,40.9,120.0,财务部,44.0,1,0
0.8,7039.0,5.7,4,28.7,2.0,财务部,30.0,4,0
8.3,16909.0,0.2,4,8.0,81.0,技术部,39.0,0,0
26.5,17291.0,5.1,3,0.0,120.0,市场部,53.0,1,0
13.7,12274.0,0.0,4,72.2,120.0,销售部,35.0,0,1
24.6,14665.0,4.0,3,36.5,120.0,销售部,51.0,2,0
24.7,12595.0,8.8,3,13.5,85.0,人事部,55.0,1,0
22.0,17929.0,6.3,3,39.2,120.0,财务部,51.0,1,0
3.5,8714.0,0.0,4,73.8,18.0,财务部,27.0,1,1
27.5,13040.0,6.5,4,42.4,76.0,人事部,49.0,1,0
0.0,6326.0,9.5,4,0.0,120.0,运营部,23.0,3,1
4.8,7959.0,12.4,4,83.0,120.0,人事部,35.0,3,1
30.4,14985.0,5.4,4,0.0,73.0,财务部,51.0,4,1
15.1,11284.0,0.0,3,25.9,108.0,运营部,45.0,1,1
18.8,14032.0,5.3,4,7.3,101.0,市场部,40.0,3,0
14.2,9619.0,8.8,3,15.2,93.0,运营部,35.0,1,0
19.9,12934.0,3.4,4,35.7,50.0,人事部,49.0,1,0
18.6,14342.0,7.1,2,0.0,116.0,财务部,45.0,0,0
12.0,10411.0,1.5,3,28.2,120.0,运营部,37.0,2,0
20.2,13359.0,5.1,4,52.9,120.0,财务部,51.0,2,1
0.0,6239.0,0.0,2,13.1,120.0,人事部,30.0,2,0
7.3,8652.0,1.1,3,2.2,120.0,销售部,28.0,1,0
15.6,11481.0,4.0,4,27.2,42.0,运营部,43.0,1,0
24.7,18531.0,2.9,4,23.2,120.0,财务部,54.0,2,0
3.4,7043.0,0.1,2,18.1,120.0,人事部,30.0,6,0
0.0,9476.0,2.5,2,6.2,120.0,市场部,30.0,2,1
0.0,7870.0,5.0,3,40.4,120.0,运营部,27.0,1,0
28.8,17986.0,3.7,4,41.9,120.0,技术部,50.0,1,0
6.6,10191.0,4.2,5,8.7,120.0,技术部,29.0,3,1
9.1,10246.0,6.2,3,11.5,120.0,财务部,39.0,1,0
23.0,12472.0,3.0,4,32.7,120.0,人事部,55.0,3,1
0.8,6798.0,8.1,4,10.7,6.0,人事部,22.0,3,0
18.8,11226.0,1.0,5,33.6,120.0,市场部,40.0,3,0
9.8,13240.0,9.8,2,59.4,120.0,财务部,39.0,1,1
28.2,16942.0,7.3,4,28.8,120.0,财务部,49.0,9,0
13.2,11529.0,2.9,4,5.7,120.0,运营部,34.0,1,0
5.3,11509.0,3.1,3,37.8,35.0,财务部,36.0,6,0
0.0,8222.0,4.6,2,26.4,0.0,市场部,28.0,1,0
15.4,14723.0,5.8,2,27.0,120.0,运营部,46.0,2,0
20.2,23697.0,7.3,3,39.5,120.0,技术部,48.0,4,1
3.1,7364.0,0.0,4,43.8,26.0,运营部,27.0,2,0
4.1,11132.0,5.3,4,30.7,120.0,技术部,35.0,3,1
27.4,17812.0,0.0,3,28.8,120.0,销售部,51.0,4,0
0.0,5843.0,3.5,5,71.3,0.0,人事部,22.0,3,1
1.4,8273.0,8.4,3,54.0,5.0,人事部,32.0,4,0
11.8,10583.0,0.0,5,46.7,120.0,运营部,40.0,1,1
2.3,8403.0,0.0,2,32.6,23.0,人事部,33.0,1,0
9.1,11572.0,4.7,4,9.9,61.0,财务部,31.0,1,0
5.6,9706.0,8.2,5,52.5,46.0,市场部,37.0,5,0
0.6,10978.0,5.0,4,32.9,4.0,技术部,28.0,1,0
11.0,14632.0,0.0,4,18.5,102.0,技术部,39.0,1,1
14.0,16604.0,0.0,3,25.1,54.0,销售部,45.0,3,0
16.4,18433.0,4.3,4,10.7,120.0,技术部,41.0,3,0
0.0,6226.0,0.5,4,51.1,120.0,财务部,25.0,3,1
22.3,15284.0,4.4,3,43.7,120.0,人事部,50.0,3,1
0.0,6406.0,4.6,5,33.6,0.0,运营部,28.0,0,1
16.2,15573.0,2.5,3,29.1,120.0,市场部,47.0,3,1
5.8,9483.0,9.4,3,16.4,42.0,运营部,34.0,0,1
27.2,14386.0,5.8,5,0.0,120.0,运营部,48.0,2,0
6.8,9417.0,7.6,3,1.7,75.0,运营部,29.0,7,0
0.0,9370.0,6.8,3,15.1,0.0,市场部,28.0,0,0
6.4,13425.0,3.5,3,12.1,120.0,销售部,38.0,1,1
0.0,6827.0,3.4,4,35.8,0.0,运营部,23.0,3,0
8.6,12064.0,3.1,5,46.2,37.0,销售部,29.0,1,1
21.4,14657.0,6.0,2,27.4,120.0,市场部,46.0,1,0
20.9,22741.0,2.0,4,58.2,120.0,技术部,50.0,4,0
0.0,7893.0,9.2,4,14.3,120.0,人事部,25.0,2,0
30.0,15089.0,1.8,4,27.3,120.0,财务部,51.0,2,1
20.7,17852.0,4.6,4,29.0,120.0,技术部,48.0,2,1
29.3,17489.0,3.3,5,51.8,120.0,销售部,51.0,0,1
19.1,12624.0,2.6,3,32.1,120.0,财务部,45.0,2,0
21.1,14183.0,10.5,3,32.7,120.0,财务部,44.0,0,0
18.4,10682.0,2.7,4,0.0,120.0,人事部,39.0,4,0
23.0,17359.0,3.1,3,12.0,120.0,销售部,44.0,3,0
21.1,12120.0,2.0,3,51.9,120.0,运营部,52.0,3,0
0.0,7037.0,4.1,2,0.0,0.0,市场部,25.0,1,0
0.8,8598.0,3.7,2,56.9,4.0,人事部,32.0,3,0
0.0,8021.0,0.6,5,40.0,0.0,销售部,24.0,1,1
28.0,22098.0,2.7,2,15.0,120.0,技术部,53.0,3,1
12.7,17590.0,5.8,4,13.4,120.0,技术部,37.0,4,1
16.6,16618.0,7.1,4,67.9,120.0,市场部,44.0,2,1
25.8,15384.0,4.1,1,58.2,120.0,运营部,50.0,0,0
26.0,18865.0,4.2,3,27.6,90.0,技术部,55.0,4,1
0.0,6771.0,2.9,3,32.7,120.0,市场部,27.0,3,0
17.5,22691.0,2.5,4,17.1,120.0,技术部,48.0,2,0
28.1,16657.0,1.2,3,32.7,120.0,运营部,51.0,5,0
0.0,7531.0,0.0,4,16.5,0.0,人事部,24.0,1,0
24.3,15326.0,1.9,3,28.4,120.0,人事部,47.0,5,0
13.5,9259.0,6.7,1,66.2,120.0,人事部,34.0,1,0
14.5,13074.0,2.7,1,28.1,120.0,财务部,43.0,5,0
12.4,12420.0,3.0,3,9.0,120.0,人事部,39.0,2,0
2.3,13579.0,2.9,3,2.7,120.0,技术部,31.0,4,0
4.9,7152.0,7.7,5,32.5,51.0,运营部,26.0,3,1
0.0,7383.0,1.2,2,14.8,0.0,人事部,26.0,2,0
0.0,6018.0,4.8,4,34.9,0.0,人事部,25.0,1,0
17.4,16484.0,3.8,4,0.0,120.0,市场部,43.0,2,1
3.6,7962.0,4.2,4,43.8,22.0,人事部,34.0,0,0
6.1,10438.0,4.7,4,8.8,43.0,市场部,29.0,1,0
16.1,16208.0,4.2,1,30.9,120.0,技术部,45.0,1,0
14.4,12836.0,6.4,4,23.2,77.0,运营部,45.0,2,0
10.2,14088.0,3.9,3,64.4,98.0,销售部,40.0,1,0
23.3,20111.0,9.2,4,33.4,120.0,技术部,53.0,2,0
9.4,12549.0,4.1,3,68.9,75.0,财务部,35.0,1,0
20.2,19729.0,0.0,4,41.2,120.0,销售部,50.0,3,1
0.0,7811.0,5.9,4,58.5,0.0,运营部,24.0,1,0
24.4,14712.0,5.2,4,25.8,115.0,市场部,46.0,2,0
33.6,27071.0,4.1,3,36.9,120.0,技术部,55.0,3,0
20.7,14411.0,3.2,4,54.4,71.0,运营部,50.0,2,0
13.5,13326.0,0.0,4,48.1,59.0,财务部,41.0,1,1
16.8,15054.0,0.0,3,40.6,120.0,销售部,43.0,2,0
3.1,9099.0,8.9,3,23.4,120.0,人事部,34.0,5,0
16.1,11806.0,2.2,3,26.8,120.0,财务部,44.0,4,0
22.2,19403.0,6.9,3,52.8,61.0,技术部,47.0,4,0
30.0,14307.0,0.0,4,56.9,105.0,人事部,55.0,1,0
10.7,10799.0,0.9,3,18.1,66.0,市场部,38.0,1,0
0.0,5822.0,6.0,4,15.1,120.0,人事部,24.0,3,1
15.2,10625.0,3.7,4,11.9,120.0,运营部,42.0,6,1
0.0,8791.0,5.6,4,46.6,0.0,财务部,26.0,4,0
1.3,8041.0,4.0,4,11.4,120.0,人事部,30.0,1,1
4.5,8770.0,3.4,4,46.4,35.0,销售部,33.0,1,0
16.0,17300.0,2.0,4,40.9,120.0,销售部,46.0,1,1
7.2,11219.0,0.4,3,19.1,36.0,市场部,28.0,1,0
0.0,8347.0,8.2,4,61.3,0.0,运营部,27.0,3,0
0.0,8413.0,8.7,5,0.8,120.0,财务部,23.0,1,0
30.1,21149.0,0.9,3,63.2,120.0,市场部,51.0,0,0
16.9,13157.0,0.7,5,36.4,120.0,人事部,45.0,0,1
0.0,7946.0,3.0,5,0.0,0.0,运营部,23.0,1,1
0.0,7909.0,5.0,3,61.8,0.0,运营部,23.0,2,1
10.5,12316.0,3.5,4,49.4,74.0,销售部,40.0,3,0
7.4,10442.0,5.5,4,21.4,58.0,人事部,31.0,3,1
19.6,15884.0,3.9,3,10.7,120.0,财务部,42.0,5,1
11.8,13057.0,3.7,2,0.0,120.0,市场部,36.0,2,0
27.1,19950.0,11.2,3,78.3,120.0,市场部,52.0,1,0
2.6,11369.0,2.4,4,11.5,15.0,技术部,31.0,3,0
13.9,14130.0,8.9,3,4.7,114.0,销售部,44.0,2,0
0.0,8026.0,8.3,4,35.4,0.0,财务部,24.0,0,0
31.9,18214.0,5.5,4,0.0,120.0,运营部,54.0,2,0
29.6,18681.0,0.0,4,10.4,103.0,运营部,54.0,2,0
24.1,19892.0,4.1,3,49.9,120.0,销售部,46.0,1,0
8.8,11080.0,2.5,3,39.3,33.0,人事部,37.0,2,0
6.0,14684.0,4.1,3,22.3,23.0,技术部,29.0,2,0
22.7,12463.0,0.8,3,30.4,120.0,人事部,49.0,4,0
16.5,16758.0,6.3,2,21.2,80.0,市场部,46.0,1,0
0.9,7043.0,7.0,2,28.8,7.0,市场部,29.0,3,0
13.4,11252.0,7.5,3,14.8,92.0,人事部,37.0,3,1
13.0,10158.0,2.9,4,18.4,120.0,市场部,37.0,1,0
21.2,14413.0,0.8,3,17.8,120.0,人事部,49.0,2,0
18.4,13796.0,5.1,3,15.5,103.0,财务部,45.0,0,0
21.8,11098.0,9.3,5,50.9,120.0,运营部,43.0,1,0
12.5,13717.0,4.2,4,45.4,120.0,财务部,43.0,4,0
4.8,11549.0,5.4,5,11.4,40.0,销售部,31.0,2,1
8.3,8422.0,3.3,4,6.1,120.0,人事部,34.0,2,0
1.6,8536.0,2.5,1,26.9,120.0,市场部,24.0,2,0
23.5,13859.0,6.0,5,73.1,120.0,财务部,48.0,1,0
12.0,13115.0,3.7,5,9.4,120.0,技术部,36.0,3,0
12.8,13355.0,5.2,4,26.8,99.0,技术部,36.0,4,0
3.2,9502.0,5.5,4,31.8,36.0,财务部,30.0,2,0
3.5,11065.0,5.0,3,27.8,13.0,销售部,29.0,4,0
10.3,11415.0,5.7,3,20.8,60.0,运营部,41.0,2,0
0.0,8597.0,1.4,4,53.1,0.0,运营部,30.0,1,0
1.4,7352.0,1.3,4,39.1,8.0,人事部,24.0,2,0
25.8,16324.0,3.9,3,46.9,120.0,人事部,47.0,1,0
4.6,11930.0,3.9,2,41.8,45.0,财务部,34.0,1,0
3.1,12271.0,2.4,2,47.9,23.0,技术部,35.0,4,0
5.6,9047.0,4.7,3,61.7,24.0,市场部,36.0,1,0
28.7,14598.0,6.7,3,56.6,117.0,市场部,49.0,2,0
10.0,10239.0,7.6,5,76.5,53.0,运营部,33.0,1,1
26.5,18324.0,8.2,3,54.3,120.0,销售部,47.0,4,0
23.2,14495.0,0.1,3,16.6,120.0,市场部,53.0,4,0
17.0,16140.0,0.5,3,46.9,120.0,市场部,44.0,2,0
9.8,17466.0,3.1,4,44.2,50.0,技术部,36.0,3,1
20.3,17704.0,4.2,4,68.4,120.0,技术部,47.0,1,1
14.0,10902.0,3.3,4,10.7,120.0,市场部,37.0,0,1
8.8,12848.0,2.3,5,41.2,49.0,技术部,36.0,5,0
18.6,16847.0,3.1,5,16.4,120.0,技术部,39.0,1,1
4.2,11002.0,5.4,4,40.3,120.0,市场部,32.0,1,0
0.0,8852.0,0.0,4,25.7,0.0,销售部,25.0,1,0
7.9,9081.0,11.0,3,39.6,94.0,财务部,36.0,3,0
2.0,10673.0,4.1,4,1.8,20.0,技术部,26.0,2,0
6.1,9768.0,7.2,3,45.9,28.0,销售部,36.0,0,0
11.4,11819.0,2.3,4,34.1,56.0,市场部,40.0,4,0
31.5,15791.0,5.7,3,33.0,120.0,运营部,53.0,1,0
0.7,8040.0,4.3,3,69.0,8.0,财务部,23.0,5,1
15.4,12418.0,6.6,2,22.4,73.0,运营部,43.0,4,0
13.5,14086.0,3.4,4,36.8,120.0,市场部,37.0,0,0
1.6,6267.0,8.7,4,32.0,9.0,市场部,23.0,1,0
8.1,11229.0,0.0,1,34.0,48.0,市场部,30.0,1,0
4.0,6335.0,6.8,4,74.4,25.0,运营部,26.0,2,0
3.3,7474.0,4.4,3,31.3,19.0,运营部,29.0,5,0
3.7,9734.0,0.9,4,18.7,30.0,运营部,31.0,2,0
12.9,11458.0,9.9,2,67.4,84.0,人事部,35.0,4,0
10.5,10382.0,9.5,2,23.8,70.0,财务部,39.0,1,0
0.0,7273.0,0.0,4,0.0,0.0,财务部,22.0,2,0
3.3,8535.0,4.5,4,15.2,19.0,运营部,27.0,2,0
2.3,10611.0,6.1,4,5.1,120.0,销售部,25.0,1,0
10.6,12771.0,5.3,4,0.0,77.0,市场部,40.0,2,0
1.5,6742.0,8.5,5,22.7,11.0,运营部,33.0,3,0
14.1,12818.0,7.9,3,28.6,120.0,市场部,40.0,2,0
8.5,9520.0,4.8,3,53.6,23.0,销售部,29.0,5,1
0.0,6102.0,10.8,5,42.6,0.0,财务部,23.0,4,0
31.1,20775.0,6.8,2,41.7,120.0,销售部,53.0,2,0
0.0,7898.0,2.9,4,12.1,0.0,运营部,26.0,4,0
5.0,6524.0,2.3,1,47.7,29.0,运营部,26.0,0,0
0.0,9859.0,7.7,3,57.8,0.0,销售部,27.0,2,1
26.9,18923.0,1.6,3,37.9,120.0,财务部,54.0,3,0
15.8,13335.0,2.8,4,38.5,120.0,运营部,42.0,0,0
11.8,10231.0,3.3,4,4.7,120.0,人事部,42.0,2,0
34.7,20211.0,5.1,2,51.1,104.0,销售部,55.0,0,0
0.0,6571.0,3.4,3,65.6,0.0,财务部,25.0,4,1
32.6,16675.0,0.0,3,36.5,100.0,财务部,54.0,0,0
0.0,7691.0,7.5,3,18.1,120.0,财务部,29.0,2,0
16.6,16608.0,2.8,3,26.8,120.0,技术部,43.0,1,0
15.3,11924.0,10.1,5,21.6,75.0,销售部,36.0,3,0
5.0,8076.0,4.9,2,22.8,120.0,运营部,35.0,1,0
32.7,23605.0,7.8,3,43.0,120.0,销售部,53.0,2,0
5.3,11159.0,5.9,3,35.6,19.0,销售部,27.0,1,0
25.4,17877.0,7.9,3,50.1,120.0,销售部,55.0,0,1
9.4,14435.0,5.7,3,37.4,44.0,销售部,35.0,2,1
12.4,15054.0,4.7,4,12.7,38.0,技术部,43.0,0,0
26.4,16732.0,7.3,4,20.0,120.0,市场部,54.0,2,0
0.0,7698.0,11.5,4,18.7,0.0,运营部,24.0,2,0
28.5,22230.0,3.2,3,26.3,120.0,技术部,52.0,1,0
19.4,13795.0,6.4,4,65.9,50.0,销售部,41.0,4,1
13.5,16566.0,4.0,5,69.1,120.0,技术部,45.0,4,0
5.7,9193.0,5.5,5,46.7,28.0,财务部,27.0,2,0
13.7,14690.0,4.1,5,32.4,62.0,销售部,40.0,2,1
20.7,12765.0,0.0,3,2.8,120.0,人事部,44.0,0,0
13.8,11972.0,3.4,5,34.4,120.0,财务部,37.0,1,0
0.0,6561.0,7.0,4,14.2,120.0,人事部,27.0,4,0
0.4,8701.0,1.7,4,62.6,120.0,财务部,30.0,1,1
20.7,13885.0,6.8,4,0.0,120.0,市场部,50.0,2,1
0.0,7691.0,4.6,5,37.7,0.0,运营部,23.0,0,0
21.5,16539.0,3.4,3,12.5,120.0,市场部,45.0,3,0
29.4,15731.0,6.7,4,29.8,120.0,运营部,55.0,2,1
1.9,7596.0,6.0,4,43.3,8.0,运营部,22.0,4,0
0.0,6463.0,5.3,4,50.4,0.0,财务部,27.0,4,0
20.4,12390.0,7.0,4,28.8,120.0,人事部,44.0,1,1
0.0,8160.0,4.6,3,45.2,120.0,销售部,24.0,3,0
19.0,12403.0,0.0,3,16.8,120.0,人事部,41.0,1,0
15.2,13646.0,2.9,3,34.9,120.0,人事部,45.0,1,0
11.2,13215.0,0.0,4,50.0,79.0,运营部,41.0,1,0
3.5,10263.0,6.0,4,36.6,26.0,销售部,34.0,1,0
24.4,13226.0,6.7,4,19.4,120.0,人事部,45.0,6,0
10.1,12865.0,6.8,4,24.4,112.0,市场部,42.0,2,0
6.0,9586.0,5.5,4,50.3,120.0,销售部,29.0,3,1
17.3,12823.0,6.9,2,8.2,53.0,销售部,41.0,2,0
28.0,20435.0,0.0,4,11.1,120.0,财务部,51.0,2,0
20.8,18246.0,3.7,5,42.0,120.0,销售部,44.0,1,0
11.4,18430.0,0.0,4,21.2,64.0,技术部,38.0,0,0
10.1,9732.0,2.9,5,0.9,120.0,市场部,33.0,1,0
0.3,6304.0,8.8,5,57.0,1.0,财务部,25.0,2,0
2.1,9566.0,7.3,3,8.0,8.0,销售部,30.0,2,0
0.0,7710.0,6.0,4,26.0,0.0,运营部,22.0,1,1
26.7,13541.0,3.5,4,17.6,120.0,人事部,55.0,3,1
1.9,7393.0,1.0,3,24.0,17.0,财务部,29.0,1,0
27.2,12506.0,4.6,3,12.3,120.0,运营部,49.0,0,0
0.0,9069.0,7.3,3,44.3,0.0,市场部,28.0,3,0
10.6,15602.0,5.2,3,32.2,120.0,技术部,31.0,3,0
12.8,16763.0,0.0,4,49.7,120.0,技术部,36.0,1,1
12.3,8434.0,4.3,2,17.8,77.0,运营部,33.0,6,1
20.0,14902.0,0.0,3,72.7,120.0,运营部,48.0,2,0
29.6,15885.0,6.4,4,0.0,120.0,人事部,54.0,3,0
23.2,18279.0,1.9,3,0.0,120.0,技术部,51.0,2,0
2.8,8695.0,0.3,5,65.1,16.0,销售部,27.0,1,0
22.5,20419.0,6.5,3,39.5,120.0,技术部,48.0,0,0
1.5,10115.0,5.7,2,36.8,120.0,技术部,27.0,6,0
31.5,23651.0,4.7,5,38.6,120.0,销售部,52.0,2,0
13.8,12483.0,10.6,4,41.4,120.0,财务部,39.0,2,0
5.3,12348.0,5.9,4,36.0,23.0,技术部,33.0,2,0
0.4,7824.0,2.1,4,10.7,2.0,运营部,27.0,2,1
1.1,7973.0,5.6,2,46.4,10.0,市场部,22.0,4,1
2.0,7842.0,3.1,4,43.2,120.0,销售部,30.0,6,1
28.3,18287.0,7.8,3,58.6,120.0,财务部,52.0,1,0
27.8,13538.0,4.8,3,65.3,71.0,人事部,48.0,0,0
32.1,19355.0,5.1,3,36.6,120.0,销售部,54.0,1,0
0.0,10907.0,0.0,4,5.4,0.0,技术部,25.0,1,1
18.3,18565.0,4.2,3,65.5,57.0,技术部,42.0,0,1
1.7,7538.0,3.8,3,9.6,120.0,运营部,30.0,4,0
17.1,15125.0,0.9,2,36.8,56.0,技术部,40.0,1,0
3.7,9711.0,3.3,4,24.9,33.0,财务部,33.0,1,0
7.6,9435.0,5.3,3,21.4,120.0,市场部,31.0,0,1
13.5,13475.0,4.0,4,45.3,120.0,人事部,41.0,2,0
0.0,10806.0,0.0,3,34.9,120.0,技术部,28.0,3,0
12.4,12412.0,3.2,4,40.3,120.0,运营部,37.0,2,0
22.4,12847.0,2.6,3,13.7,103.0,人事部,43.0,0,0
0.0,8935.0,4.6,5,26.5,0.0,市场部,26.0,1,0
21.1,14632.0,4.3,3,14.6,120.0,销售部,53.0,3,0
7.4,9374.0,2.8,2,26.0,38.0,运营部,39.0,1,0
26.3,15188.0,2.6,3,27.6,115.0,销售部,49.0,4,0
14.9,11036.0,4.2,2,66.9,58.0,市场部,44.0,3,1
20.9,17431.0,6.9,3,24.8,95.0,市场部,45.0,3,0
24.1,18792.0,4.8,3,0.0,120.0,销售部,46.0,3,0
23.0,17063.0,8.3,5,57.9,120.0,市场部,51.0,3,1
16.0,17778.0,7.4,4,39.0,41.0,技术部,42.0,3,0
4.5,12760.0,8.5,3,27.4,49.0,技术部,31.0,4,0
0.0,8998.0,8.1,3,21.3,0.0,销售部,25.0,0,0
18.0,20431.0,8.7,3,11.1,120.0,技术部,42.0,1,0
0.0,7895.0,0.5,3,68.8,0.0,市场部,24.0,5,1
5.6,9519.0,5.9,3,31.0,120.0,运营部,30.0,2,0
3.5,9845.0,7.7,2,0.0,35.0,技术部,24.0,3,0
15.5,20278.0,8.2,3,36.6,120.0,技术部,40.0,2,0
0.0,8506.0,1.7,5,54.1,0.0,技术部,27.0,4,1
16.2,12926.0,6.0,4,33.1,120.0,财务部,42.0,0,1
26.7,20974.0,4.2,5,12.0,120.0,销售部,48.0,3,1
20.7,13511.0,9.5,3,10.2,120.0,市场部,49.0,2,1
0.4,9888.0,0.0,5,11.7,2.0,技术部,32.0,3,1
9.1,12302.0,1.7,3,60.4,58.0,销售部,40.0,1,1
14.1,12597.0,0.0,2,28.6,120.0,市场部,41.0,2,0
13.5,14550.0,4.4,4,0.0,120.0,市场部,38.0,3,0
17.0,15882.0,10.8,2,37.7,120.0,财务部,44.0,2,0
0.0,7407.0,3.9,3,32.8,0.0,人事部,29.0,0,0
23.7,20026.0,4.3,4,21.0,120.0,市场部,54.0,3,1
0.0,7372.0,5.7,4,9.6,0.0,运营部,25.0,0,0
23.5,18449.0,3.7,4,8.7,69.0,财务部,49.0,3,0
20.6,14251.0,5.1,3,51.7,120.0,销售部,42.0,2,0
3.2,10010.0,5.2,2,35.0,120.0,销售部,30.0,3,0
25.1,14352.0,1.5,5,39.6,120.0,销售部,47.0,1,1
4.3,6919.0,3.7,3,34.9,120.0,财务部,25.0,0,0
22.0,18570.0,6.2,3,36.6,120.0,销售部,48.0,1,0
13.1,9738.0,6.8,3,20.6,59.0,运营部,41.0,1,0
0.0,8051.0,7.9,5,25.9,0.0,市场部,26.0,0,1
0.0,7522.0,5.0,4,53.3,120.0,运营部,25.0,2,0
16.7,10528.0,5.1,3,58.3,120.0,人事部,47.0,2,0
2.9,9188.0,6.3,5,5.6,15.0,市场部,32.0,1,0
22.6,19097.0,2.2,2,25.8,68.0,销售部,51.0,3,0
26.9,17092.0,2.1,5,46.8,120.0,人事部,47.0,2,0
17.5,14416.0,3.6,2,67.6,120.0,销售部,45.0,0,0
9.6,13832.0,0.2,3,65.6,37.0,销售部,31.0,2,0
24.3,15985.0,5.2,2,14.1,120.0,运营部,45.0,0,0
31.1,19265.0,7.1,5,55.5,120.0,市场部,53.0,2,1
0.0,9639.0,1.9,5,31.2,0.0,技术部,25.0,1,0
4.1,10595.0,5.3,4,50.9,31.0,市场部,33.0,2,0
0.0,9575.0,2.1,3,45.8,0.0,市场部,30.0,4,0
3.3,8217.0,1.0,3,4.7,20.0,运营部,35.0,0,1
15.3,15041.0,10.2,3,41.0,120.0,人事部,46.0,1,0
16.4,16612.0,1.0,3,50.1,56.0,销售部,38.0,3,0
10.5,15833.0,0.2,1,29.6,120.0,技术部,41.0,1,0
1.9,9998.0,4.6,4,25.1,7.0,财务部,32.0,4,0
0.0,10566.0,4.8,4,0.0,120.0,技术部,27.0,5,1
9.2,12743.0,6.0,5,43.7,80.0,销售部,31.0,2,0
28.6,25314.0,10.0,3,34.2,120.0,技术部,50.0,3,0
10.9,13130.0,1.7,3,11.6,94.0,技术部,42.0,1,0
11.9,8593.0,2.3,4,23.5,120.0,运营部,34.0,2,0
23.6,19342.0,8.8,3,33.1,120.0,技术部,48.0,2,1
0.0,11530.0,6.8,4,18.8,0.0,技术部,24.0,2,0
8.5,8806.0,6.4,4,30.1,120.0,运营部,30.0,0,0
9.8,13289.0,2.2,3,0.0,30.0,销售部,30.0,3,0
23.1,14955.0,7.4,3,57.0,78.0,人事部,55.0,5,0
14.5,16246.0,6.4,5,30.3,120.0,技术部,45.0,2,0
11.1,18884.0,4.6,4,8.0,96.0,技术部,42.0,3,1
0.0,9720.0,2.2,4,0.0,0.0,技术部,22.0,4,1
5.4,7886.0,4.3,4,50.6,20.0,人事部,28.0,5,0
17.9,11473.0,8.9,4,41.2,120.0,财务部,43.0,2,0
9.6,9432.0,0.7,2,34.2,45.0,市场部,35.0,2,0
32.9,17442.0,1.6,4,47.3,120.0,销售部,53.0,1,1
17.6,17917.0,2.1,5,47.2,120.0,技术部,47.0,1,0
5.0,11003.0,2.8,2,33.9,120.0,财务部,37.0,2,0
20.7,15423.0,4.0,2,24.9,120.0,销售部,47.0,2,0
29.3,14839.0,6.9,4,21.7,120.0,财务部,54.0,0,1
12.3,9792.0,5.4,4,38.4,120.0,人事部,37.0,2,1
21.8,12842.0,4.2,3,57.9,54.0,运营部,43.0,2,0
28.8,21018.0,4.8,4,27.9,113.0,市场部,52.0,2,0
4.0,11572.0,5.9,4,59.5,120.0,技术部,30.0,1,0
25.8,15453.0,0.0,4,37.5,120.0,销售部,51.0,0,1
0.0,7201.0,7.2,2,37.6,0.0,运营部,25.0,1,1
12.8,15194.0,1.5,2,78.1,39.0,财务部,43.0,2,1
25.3,18125.0,2.7,3,63.1,67.0,财务部,48.0,0,0
21.7,16609.0,5.0,5,63.6,120.0,市场部,42.0,2,1
17.5,20099.0,3.8,4,14.0,120.0,技术部,38.0,3,1
20.4,13649.0,5.5,3,73.8,120.0,运营部,42.0,2,0
0.2,8722.0,4.4,5,28.4,1.0,人事部,27.0,2,0
0.0,6112.0,3.1,3,25.5,120.0,运营部,29.0,4,0
0.4,8909.0,8.6,4,0.0,3.0,运营部,31.0,4,1
14.4,16568.0,6.1,2,36.5,120.0,销售部,42.0,2,0
12.2,15387.0,4.9,4,8.3,120.0,销售部,37.0,2,1
8.1,11035.0,6.1,4,38.2,120.0,销售部,30.0,3,0
26.2,16951.0,1.9,4,6.8,120.0,运营部,51.0,0,1
10.0,9746.0,10.5,3,66.0,28.0,财务部,34.0,3,0
6.6,11318.0,0.7,3,41.0,120.0,市场部,37.0,2,0
10.2,9714.0,4.3,3,75.6,79.0,运营部,36.0,3,0
5.3,9616.0,3.1,5,9.5,13.0,财务部,28.0,2,0
22.5,14833.0,3.0,2,61.0,120.0,运营部,46.0,2,0
15.4,10672.0,2.6,4,0.0,120.0,运营部,37.0,1,1
0.0,8586.0,1.7,4,34.2,120.0,技术部,23.0,3,1
33.4,17441.0,7.6,3,17.4,120.0,市场部,54.0,2,0
28.8,16409.0,0.4,3,21.0,120.0,人事部,49.0,1,0
23.8,15091.0,7.0,2,19.7,120.0,人事部,46.0,3,0
21.3,22679.0,5.9,4,11.7,120.0,技术部,51.0,5,1
25.7,15850.0,2.9,5,4.8,120.0,销售部,52.0,3,0
5.5,11330.0,5.6,3,21.2,120.0,财务部,33.0,2,0
17.7,13393.0,3.5,5,32.3,120.0,人事部,42.0,1,1
21.2,15352.0,0.7,2,53.3,120.0,技术部,42.0,1,0
0.7,8212.0,0.7,3,35.9,120.0,财务部,31.0,3,0
6.7,10517.0,6.0,5,53.3,120.0,销售部,29.0,6,0
5.6,9369.0,5.8,5,0.4,41.0,销售部,26.0,1,0
17.1,11874.0,4.7,3,21.3,120.0,财务部,44.0,3,0
27.0,14657.0,2.8,4,44.2,120.0,市场部,48.0,4,0
25.9,13143.0,3.4,5,36.9,120.0,财务部,47.0,5,1
2.4,8546.0,3.0,4,12.8,19.0,销售部,32.0,1,0
3.1,7318.0,0.0,4,48.7,35.0,人事部,29.0,4,0
14.1,18139.0,4.2,3,19.4,120.0,技术部,37.0,3,0
15.8,11970.0,5.6,2,14.5,77.0,运营部,40.0,3,0
23.2,20727.0,4.2,4,39.7,120.0,技术部,52.0,4,1
30.2,16954.0,9.3,4,30.1,88.0,人事部,51.0,0,1
30.6,18218.0,1.0,3,19.5,120.0,市场部,52.0,1,0
22.6,13659.0,2.0,3,18.9,78.0,市场部,50.0,1,1
26.7,20157.0,4.4,3,8.6,120.0,技术部,54.0,3,0
5.3,8489.0,4.7,3,22.1,45.0,人事部,37.0,4,0
0.0,10275.0,0.0,3,52.0,0.0,技术部,24.0,2,1
4.2,8458.0,5.8,3,34.9,43.0,财务部,25.0,1,0
8.5,9412.0,4.7,2,49.2,120.0,人事部,35.0,2,0
3.3,8569.0,0.0,5,40.3,15.0,运营部,31.0,1,0
6.3,10115.0,3.6,4,17.8,120.0,人事部,28.0,2,0
26.4,17544.0,1.6,2,0.0,120.0,销售部,53.0,2,1
5.6,8456.0,2.6,3,11.5,40.0,人事部,28.0,2,0
23.9,15073.0,0.0,3,16.6,120.0,人事部,54.0,3,0
17.0,17272.0,5.2,4,15.0,120.0,销售部,47.0,0,0
17.8,19891.0,9.3,4,49.6,120.0,技术部,43.0,1,0
12.4,12851.0,4.8,4,49.4,120.0,运营部,44.0,1,0
1.2,10521.0,0.0,4,74.2,13.0,技术部,33.0,2,1
21.4,14430.0,4.9,2,14.7,120.0,财务部,43.0,2,0
3.6,11033.0,3.4,3,61.9,10.0,销售部,28.0,4,0
25.8,21189.0,0.7,1,61.8,120.0,技术部,53.0,0,0
11.0,11818.0,5.1,3,25.4,115.0,人事部,32.0,3,0
5.4,11780.0,6.6,3,39.5,120.0,技术部,30.0,1,0
21.9,13604.0,2.0,4,54.8,120.0,人事部,45.0,3,0
12.6,11688.0,0.0,3,28.8,120.0,人事部,44.0,0,0
12.1,15148.0,0.0,4,27.3,72.0,技术部,37.0,1,1
13.8,16540.0,2.0,3,17.5,87.0,销售部,43.0,3,0
2.4,6618.0,3.5,3,0.0,19.0,人事部,27.0,3,0
22.4,15488.0,2.5,4,31.4,120.0,财务部,44.0,3,1
0.6,11942.0,2.0,2,15.8,120.0,技术部,31.0,2,0
11.0,11137.0,5.7,3,8.5,120.0,运营部,31.0,3,0
6.3,10688.0,5.4,3,38.4,29.0,销售部,27.0,2,0
8.6,16423.0,4.6,4,1.0,33.0,技术部,33.0,5,1
4.8,10247.0,6.4,3,46.1,31.0,运营部,33.0,2,0
12.9,14815.0,2.0,5,39.7,93.0,技术部,37.0,3,1
7.2,11028.0,0.7,5,22.0,67.0,财务部,28.0,1,1
4.2,9628.0,2.4,4,28.7,120.0,运营部,28.0,3,0
17.1,12117.0,2.2,3,6.2,120.0,财务部,40.0,2,0
5.9,9480.0,0.0,4,45.0,70.0,财务部,26.0,0,1
18.6,13207.0,2.4,2,33.7,89.0,市场部,45.0,0,0
31.6,25172.0,7.3,5,35.2,120.0,技术部,53.0,2,1
12.6,9982.0,6.4,4,40.0,67.0,财务部,36.0,1,1
24.3,16399.0,5.6,3,17.2,120.0,运营部,52.0,4,0
0.0,9752.0,4.4,3,0.0,120.0,技术部,25.0,1,0
0.0,6939.0,8.3,4,49.1,0.0,运营部,23.0,3,0
22.0,12398.0,0.8,5,43.8,120.0,市场部,46.0,1,0
24.0,17089.0,1.1,4,19.3,120.0,财务部,47.0,3,0
18.5,19728.0,7.4,3,38.2,120.0,技术部,50.0,1,0
1.7,8338.0,4.1,4,55.2,120.0,财务部,24.0,1,0
25.8,16669.0,2.0,4,52.8,96.0,销售部,48.0,3,1
8.7,10235.0,5.7,4,18.7,67.0,销售部,34.0,3,0
9.7,9416.0,2.7,3,0.2,32.0,人事部,32.0,1,0
6.1,14421.0,1.5,4,3.7,120.0,技术部,28.0,4,1
33.8,16940.0,1.4,5,23.8,120.0,市场部,55.0,0,1
0.0,8135.0,5.0,3,59.2,0.0,财务部,24.0,2,1
21.7,16724.0,4.6,3,15.4,120.0,技术部,49.0,0,0
15.2,16134.0,8.6,2,18.1,120.0,销售部,43.0,0,0
16.7,12750.0,3.1,3,17.7,120.0,市场部,46.0,2,1
21.1,14680.0,3.1,4,19.4,89.0,财务部,45.0,2,1
19.0,13042.0,8.3,3,29.8,120.0,运营部,50.0,3,0
0.0,6237.0,7.0,4,4.4,120.0,运营部,28.0,1,1
0.0,7534.0,4.4,2,51.7,0.0,销售部,22.0,2,0
13.3,15838.0,0.0,5,27.1,76.0,技术部,42.0,1,1
9.7,14479.0,1.6,4,79.6,26.0,技术部,34.0,1,1
2.6,10011.0,0.8,4,6.5,8.0,财务部,26.0,3,1
2.9,11277.0,4.1,4,61.8,120.0,技术部,28.0,1,1
11.8,14503.0,2.5,2,57.8,56.0,销售部,33.0,0,0
0.0,6735.0,8.8,4,21.8,120.0,运营部,24.0,1,1
3.5,6297.0,0.0,4,22.1,38.0,运营部,24.0,1,0
32.0,14612.0,0.5,2,11.6,120.0,运营部,52.0,3,0
0.8,9491.0,4.7,5,11.8,8.0,销售部,32.0,1,0
25.7,16036.0,5.6,1,30.0,120.0,财务部,54.0,2,0
27.3,20130.0,0.0,4,30.4,120.0,财务部,54.0,0,0
2.9,10171.0,0.0,3,0.0,120.0,销售部,27.0,1,0
19.2,15202.0,3.2,4,75.9,120.0,财务部,46.0,2,1
11.3,12516.0,8.1,2,24.8,120.0,财务部,42.0,2,0
17.2,13607.0,9.7,2,31.3,120.0,市场部,45.0,2,0
0.0,7288.0,2.8,3,17.5,0.0,人事部,25.0,1,0
2.5,6654.0,3.5,5,24.7,23.0,人事部,28.0,1,0
0.9,6860.0,1.5,3,22.8,4.0,财务部,25.0,1,0
13.6,10795.0,5.9,4,29.9,66.0,人事部,42.0,2,0
23.2,13202.0,8.6,4,29.7,120.0,人事部,55.0,2,0
18.9,15399.0,7.8,4,46.1,120.0,财务部,44.0,0,0
20.3,13194.0,3.9,3,34.5,120.0,销售部,45.0,1,0
28.9,13905.0,1.5,4,44.1,120.0,人事部,54.0,4,0
18.9,15026.0,4.0,5,29.8,120.0,人事部,44.0,5,1
0.0,8039.0,8.1,3,34.6,0.0,运营部,23.0,0,0
22.5,20891.0,2.8,3,25.2,120.0,技术部,51.0,3,0
9.7,11020.0,0.0,5,50.1,66.0,市场部,34.0,4,1
0.0,7288.0,2.9,3,36.5,0.0,运营部,22.0,3,0
13.8,10271.0,3.2,3,26.8,44.0,财务部,39.0,5,0
32.6,16138.0,0.0,3,26.2,120.0,运营部,53.0,4,0
3.7,10089.0,4.7,4,27.8,41.0,技术部,30.0,6,1
8.3,14183.0,5.5,5,30.6,35.0,技术部,38.0,3,1
0.1,8830.0,9.6,4,28.9,1.0,人事部,28.0,2,1
1.6,8724.0,0.0,4,18.8,16.0,市场部,24.0,4,0
0.0,9254.0,6.2,3,45.3,0.0,财务部,25.0,0,0
17.4,15795.0,6.9,1,46.6,120.0,市场部,46.0,3,0
27.8,17954.0,5.6,3,65.7,120.0,市场部,51.0,3,0
0.0,7982.0,1.0,2,17.9,120.0,运营部,27.0,0,0
4.7,13468.0,0.8,2,43.3,53.0,技术部,32.0,2,0
0.0,7274.0,4.3,4,0.0,120.0,人事部,28.0,3,1
1.4,6380.0,4.3,2,46.6,16.0,运营部,23.0,0,0
17.7,13649.0,2.3,2,0.9,120.0,财务部,40.0,3,0
19.2,13181.0,7.9,3,10.3,75.0,市场部,45.0,1,0
22.5,19331.0,2.8,3,36.6,120.0,技术部,43.0,3,0
10.0,8692.0,0.0,2,17.6,84.0,人事部,35.0,1,0
10.5,12417.0,3.3,2,14.8,115.0,市场部,40.0,1,0
3.2,9796.0,5.4,3,20.3,13.0,技术部,25.0,2,0
1.5,7661.0,5.0,4,44.6,120.0,市场部,27.0,3,1
21.1,14547.0,5.0,4,11.3,120.0,运营部,53.0,3,1
20.9,14492.0,8.5,5,28.9,120.0,销售部,47.0,2,0
26.0,22159.0,0.7,4,22.4,120.0,销售部,52.0,2,1
25.3,14852.0,2.7,4,46.4,120.0,人事部,52.0,1,0
20.8,15121.0,8.6,5,47.0,120.0,销售部,43.0,4,1
31.2,13288.0,0.0,4,0.0,120.0,运营部,53.0,0,0
7.9,11239.0,3.8,4,50.9,91.0,运营部,36.0,1,0
0.0,6901.0,7.7,3,17.8,0.0,运营部,22.0,1,0
0.5,6698.0,7.6,3,34.7,120.0,运营部,24.0,2,0
5.6,8912.0,6.0,3,11.2,120.0,销售部,26.0,4,0
0.0,9361.0,6.1,2,37.4,120.0,销售部,25.0,1,0
13.6,13926.0,0.9,4,81.0,120.0,市场部,34.0,2,1
16.0,13285.0,8.1,2,32.5,120.0,市场部,45.0,2,0
23.4,12205.0,0.4,4,20.8,58.0,运营部,48.0,3,0
13.8,9803.0,0.6,5,25.4,93.0,人事部,41.0,3,1
4.0,7103.0,5.2,3,0.6,14.0,财务部,27.0,3,0
25.1,15874.0,2.5,2,59.0,97.0,运营部,47.0,4,0
7.6,12665.0,4.6,3,36.3,70.0,财务部,34.0,4,0
0.0,8739.0,5.3,3,9.0,0.0,市场部,22.0,1,0
8.7,11571.0,9.3,5,9.7,74.0,市场部,31.0,1,0
7.8,9090.0,5.3,4,30.3,26.0,财务部,33.0,2,0
5.7,15159.0,2.1,4,48.6,27.0,技术部,31.0,1,0
26.4,13936.0,6.0,4,7.0,120.0,人事部,49.0,0,0
20.2,14086.0,1.5,4,52.3,120.0,财务部,47.0,3,1
23.2,14889.0,6.7,4,28.2,120.0,人事部,45.0,4,1
0.9,6745.0,4.2,2,11.4,4.0,财务部,27.0,2,0
27.6,17161.0,5.2,3,20.6,101.0,人事部,49.0,2,0
18.2,15365.0,0.0,1,65.0,120.0,运营部,44.0,1,1
4.3,10057.0,0.0,4,2.2,16.0,财务部,28.0,3,0
17.6,15544.0,0.0,5,15.4,112.0,市场部,43.0,0,0
12.8,15239.0,9.2,4,49.1,94.0,技术部,38.0,2,1
5.1,7750.0,0.6,4,34.3,16.0,人事部,36.0,3,1
0.1,7962.0,6.2,5,14.2,120.0,运营部,26.0,1,0
9.2,10930.0,2.1,3,49.3,120.0,人事部,39.0,0,0
2.3,8599.0,3.3,2,50.2,20.0,运营部,25.0,2,0
2.8,6559.0,3.9,5,36.6,120.0,运营部,27.0,2,0
5.1,7402.0,8.9,5,17.8,30.0,人事部,26.0,1,0
28.0,16572.0,5.8,4,20.8,120.0,财务部,53.0,3,0
3.0,12907.0,5.2,3,35.7,8.0,技术部,31.0,1,0
3.9,14322.0,7.9,5,3.8,120.0,技术部,34.0,2,0
6.2,13276.0,2.1,4,56.6,32.0,销售部,33.0,1,0
24.3,15297.0,7.2,4,64.0,83.0,市场部,52.0,4,0
18.9,12505.0,6.7,3,25.3,120.0,人事部,41.0,7,0
31.6,14706.0,6.7,4,37.1,120.0,市场部,52.0,2,0
2.5,10895.0,3.5,4,53.7,17.0,技术部,32.0,1,0
4.0,9088.0,2.7,5,69.1,120.0,销售部,26.0,0,1
18.9,12867.0,1.4,4,61.1,120.0,运营部,40.0,1,1
1.7,8263.0,1.6,4,0.0,4.0,运营部,33.0,1,0
16.4,13695.0,1.2,4,23.7,120.0,市场部,48.0,4,1
23.6,15464.0,5.1,4,40.0,120.0,人事部,51.0,3,0
13.5,12627.0,3.3,3,20.1,120.0,人事部,38.0,6,0
24.0,13638.0,5.3,2,65.7,62.0,运营部,54.0,0,0
17.5,11386.0,5.5,2,62.6,65.0,运营部,40.0,1,0
5.8,10614.0,0.8,4,13.7,54.0,财务部,31.0,0,0
13.7,13823.0,0.7,1,26.8,120.0,市场部,38.0,2,0
0.0,8420.0,3.3,2,15.0,120.0,财务部,23.0,2,0
18.0,14533.0,1.7,5,26.1,95.0,销售部,49.0,0,0
0.0,7872.0,1.4,4,25.5,0.0,市场部,25.0,3,0
10.7,12690.0,9.1,1,49.1,112.0,财务部,32.0,3,0
15.2,12620.0,0.0,3,12.2,120.0,财务部,41.0,1,0
0.1,7260.0,10.1,4,0.0,1.0,财务部,23.0,3,0
0.0,9253.0,4.9,3,0.0,0.0,市场部,25.0,2,0
23.3,13025.0,7.0,3,9.4,120.0,市场部,45.0,1,0
3.3,11621.0,6.6,3,16.9,28.0,技术部,24.0,3,0
9.5,13225.0,5.9,3,33.7,95.0,财务部,38.0,2,0
7.6,9008.0,9.0,4,8.4,56.0,财务部,33.0,2,0
0.0,8306.0,0.8,2,5.8,0.0,运营部,30.0,3,0
7.1,9504.0,3.5,4,11.4,37.0,财务部,28.0,3,0
17.4,16581.0,1.4,3,7.7,120.0,市场部,47.0,2,1
32.6,27924.0,0.0,2,18.9,120.0,技术部,53.0,3,0
6.7,11868.0,2.0,2,18.1,74.0,销售部,27.0,5,1
28.5,14698.0,9.6,5,43.8,120.0,市场部,54.0,4,0
19.3,15615.0,3.5,3,10.2,120.0,市场部,42.0,1,0
15.9,15928.0,10.0,3,22.8,120.0,市场部,43.0,3,0
24.7,16452.0,10.3,2,19.1,120.0,市场部,45.0,1,0
24.6,14672.0,13.0,4,46.2,120.0,人事部,45.0,1,0
20.3,16387.0,9.7,3,26.9,120.0,技术部,49.0,4,0
15.5,16085.0,11.1,5,51.0,100.0,销售部,38.0,0,1
12.1,13216.0,5.0,4,7.0,120.0,技术部,40.0,2,1
4.0,9925.0,4.7,4,29.0,120.0,销售部,33.0,1,0
4.3,9069.0,4.9,4,18.5,31.0,人事部,25.0,2,0
14.8,20799.0,4.0,2,5.5,56.0,技术部,44.0,2,0
0.0,8916.0,4.4,5,28.6,120.0,市场部,23.0,1,0
6.3,12761.0,6.3,5,64.7,120.0,技术部,31.0,0,0
4.0,6702.0,2.6,3,12.9,12.0,运营部,25.0,3,0
0.0,7344.0,0.0,4,27.5,0.0,人事部,28.0,0,0
16.3,12682.0,5.1,3,3.8,116.0,销售部,43.0,2,0
16.9,17480.0,1.9,4,0.8,120.0,销售部,43.0,0,1
4.4,13688.0,2.2,4,14.3,120.0,技术部,36.0,0,0
1.0,7646.0,3.6,5,21.0,3.0,市场部,25.0,1,0
5.3,7831.0,2.9,3,21.9,120.0,人事部,36.0,3,0
5.4,9794.0,7.3,4,25.5,25.0,财务部,34.0,2,0
14.9,14322.0,3.5,4,0.0,120.0,运营部,46.0,0,0
10.1,13160.0,7.5,3,17.5,76.0,市场部,41.0,0,0
6.1,10006.0,4.6,4,40.0,57.0,销售部,38.0,0,1
16.4,11214.0,3.7,4,2.8,116.0,市场部,38.0,1,1
24.4,17873.0,4.5,4,22.9,120.0,销售部,54.0,2,0
17.3,10977.0,0.1,5,35.9,120.0,运营部,47.0,1,1
10.3,15182.0,5.0,2,14.4,105.0,销售部,38.0,2,0
14.7,13410.0,6.5,3,36.8,120.0,市场部,38.0,0,1
0.0,6243.0,7.0,2,0.0,120.0,财务部,23.0,2,0
30.5,26169.0,0.0,3,47.8,120.0,技术部,53.0,3,0
7.0,9805.0,0.0,3,37.3,36.0,市场部,33.0,1,0
3.7,8297.0,2.4,5,31.1,15.0,市场部,30.0,5,0
33.1,21338.0,8.2,3,52.5,120.0,销售部,55.0,6,1
17.3,15034.0,4.7,4,23.4,120.0,技术部,46.0,3,1
2.9,10487.0,1.7,3,17.6,30.0,技术部,24.0,3,0
0.0,11239.0,0.0,3,57.5,0.0,技术部,24.0,3,0
0.0,8726.0,1.9,4,66.8,0.0,市场部,23.0,2,1
17.8,16883.0,1.7,4,16.1,120.0,技术部,42.0,3,0
0.0,7230.0,6.8,3,27.7,120.0,运营部,24.0,0,0
31.1,17803.0,7.0,5,50.9,89.0,销售部,53.0,1,0
22.8,16908.0,0.9,3,28.4,120.0,财务部,53.0,0,0
8.6,9510.0,6.3,3,41.9,23.0,人事部,40.0,6,0
20.2,14749.0,6.0,3,45.6,120.0,市场部,42.0,5,0
3.7,7459.0,0.5,4,18.8,120.0,运营部,32.0,1,1
0.0,11624.0,3.7,3,38.4,0.0,技术部,24.0,1,1
19.6,18825.0,5.0,4,29.9,120.0,销售部,46.0,0,0
0.0,7969.0,4.5,4,5.7,0.0,销售部,25.0,0,0
0.0,11190.0,0.0,3,10.2,120.0,技术部,25.0,6,1
4.8,8999.0,4.4,5,17.0,18.0,销售部,32.0,1,0
0.0,8802.0,5.9,3,48.6,0.0,销售部,22.0,3,1
11.5,9614.0,8.7,3,49.2,80.0,人事部,36.0,0,0
14.6,12845.0,2.0,2,45.0,120.0,销售部,45.0,1,1
26.7,15947.0,2.4,3,38.8,120.0,运营部,48.0,3,0
14.8,11790.0,3.4,3,38.3,120.0,人事部,42.0,1,0
27.8,15539.0,4.9,3,35.6,120.0,运营部,50.0,1,0
4.8,13382.0,4.3,4,38.2,120.0,技术部,35.0,3,1
23.1,11951.0,5.8,2,39.5,120.0,运营部,50.0,2,0
14.2,10413.0,0.6,3,1.9,120.0,财务部,39.0,1,0
6.0,8943.0,5.2,4,14.2,68.0,运营部,29.0,1,1
27.8,18378.0,1.8,3,9.4,120.0,市场部,53.0,4,0
0.0,6375.0,3.6,4,52.1,120.0,运营部,31.0,4,1
0.0,7088.0,9.1,4,63.1,120.0,财务部,23.0,2,0
4.4,12744.0,0.0,3,0.0,26.0,技术部,30.0,2,0
5.0,10733.0,3.2,2,61.3,27.0,市场部,34.0,3,0
9.5,16178.0,0.2,3,31.7,100.0,技术部,34.0,3,0
13.9,11007.0,4.5,2,50.3,108.0,运营部,39.0,4,0
27.0,19117.0,7.1,4,40.1,120.0,销售部,51.0,2,0
10.2,12299.0,4.5,4,58.8,33.0,销售部,32.0,1,0
10.4,11033.0,3.6,4,34.2,120.0,财务部,39.0,1,0
2.5,7763.0,8.0,3,2.7,8.0,市场部,33.0,0,0
18.1,15602.0,5.0,5,27.9,120.0,技术部,49.0,1,0
0.0,8219.0,6.5,2,40.3,0.0,人事部,27.0,4,0
0.0,6139.0,6.1,5,25.7,120.0,运营部,25.0,2,0
15.6,12281.0,0.0,4,43.2,120.0,人事部,39.0,3,1
16.3,14287.0,3.8,3,28.7,76.0,财务部,44.0,2,0
16.5,13918.0,0.8,3,18.1,70.0,市场部,48.0,1,0
12.3,14292.0,1.5,3,8.3,79.0,财务部,41.0,4,0
22.1,16860.0,8.4,5,22.2,104.0,财务部,48.0,5,1
6.7,11139.0,2.9,3,34.1,120.0,技术部,35.0,4,0
0.0,10757.0,9.7,5,0.0,0.0,技术部,23.0,1,1
0.0,8714.0,0.0,4,14.4,0.0,销售部,26.0,4,1
0.0,6994.0,0.7,3,0.0,0.0,市场部,23.0,1,0
7.8,14903.0,6.3,4,17.7,47.0,技术部,33.0,1,0
14.7,17655.0,3.0,3,53.9,120.0,技术部,38.0,2,0
8.0,8900.0,4.9,3,6.3,79.0,运营部,34.0,3,0
16.1,15774.0,3.7,5,44.1,62.0,市场部,40.0,3,0
6.7,11697.0,3.6,3,87.0,70.0,财务部,38.0,1,0
17.9,14780.0,3.1,5,59.1,120.0,财务部,44.0,0,0
18.3,10626.0,4.5,5,32.7,120.0,人事部,44.0,1,0
7.8,8501.0,5.9,2,47.2,71.0,人事部,32.0,4,0
5.3,10777.0,8.8,4,2.6,58.0,销售部,33.0,1,1
14.8,12416.0,3.4,3,0.0,120.0,运营部,41.0,3,0
20.5,14474.0,2.8,4,30.6,120.0,市场部,42.0,3,1
1.6,9072.0,2.4,5,38.0,9.0,运营部,32.0,2,0
8.7,9675.0,8.4,5,51.9,102.0,市场部,33.0,2,0
19.8,20669.0,6.1,5,18.6,120.0,技术部,45.0,2,1
20.5,14753.0,0.0,3,33.9,120.0,人事部,43.0,3,0
0.0,11359.0,0.0,4,33.2,0.0,技术部,26.0,3,0
8.6,11242.0,1.5,3,27.4,31.0,人事部,37.0,1,0
20.4,23627.0,4.7,5,28.6,115.0,技术部,51.0,1,0
2.4,7272.0,3.9,3,12.9,25.0,销售部,23.0,2,0
18.3,16356.0,5.5,3,35.6,120.0,财务部,50.0,1,0
0.0,8603.0,3.5,1,33.9,0.0,运营部,27.0,1,0
15.6,13352.0,8.2,3,21.2,110.0,市场部,39.0,1,0
13.5,13951.0,6.3,3,43.3,65.0,技术部,36.0,2,0
0.0,9632.0,4.2,2,50.6,0.0,销售部,22.0,1,1
21.5,12604.0,7.4,5,43.5,120.0,运营部,52.0,0,1
13.5,10300.0,0.0,4,9.2,120.0,人事部,37.0,1,0
27.4,19687.0,3.7,3,32.0,120.0,技术部,53.0,3,0
2.5,9020.0,4.4,4,11.8,120.0,市场部,31.0,3,1
20.5,16763.0,5.8,3,31.9,120.0,销售部,51.0,1,0
24.1,18218.0,0.0,4,11.8,120.0,销售部,52.0,4,0
11.0,12860.0,3.2,3,55.5,91.0,运营部,40.0,2,0
6.9,9646.0,5.2,4,45.7,32.0,财务部,29.0,2,0
14.5,15103.0,5.4,3,53.1,104.0,销售部,45.0,3,0
16.7,15403.0,7.6,3,51.0,115.0,财务部,40.0,1,0
31.5,20570.0,6.3,4,24.6,120.0,市场部,53.0,1,1
4.3,11949.0,3.8,4,21.5,120.0,技术部,36.0,2,0
8.6,8350.0,6.0,4,64.8,43.0,市场部,31.0,3,1
5.4,10563.0,3.4,3,26.7,38.0,销售部,27.0,6,0
17.5,17837.0,4.4,4,2.9,120.0,销售部,45.0,2,1
30.2,16671.0,6.4,4,50.1,120.0,运营部,54.0,1,1
1.4,6153.0,3.9,2,32.9,120.0,人事部,23.0,5,1
18.8,20898.0,5.1,2,60.1,120.0,技术部,46.0,0,0
23.9,16078.0,6.9,3,34.9,90.0,运营部,53.0,1,0
0.0,7798.0,6.1,3,29.6,0.0,财务部,24.0,1,0
4.1,8989.0,7.7,3,60.5,40.0,运营部,26.0,1,0
18.3,14444.0,11.0,2,0.0,120.0,人事部,45.0,4,0
13.2,13969.0,6.1,4,18.3,120.0,市场部,43.0,4,0
2.1,8549.0,2.6,4,12.3,7.0,财务部,24.0,4,0
27.5,18103.0,5.5,4,0.0,120.0,财务部,50.0,3,1
19.0,12409.0,5.4,4,47.5,120.0,人事部,39.0,2,0
25.7,18365.0,5.8,3,18.9,120.0,销售部,52.0,4,0
28.7,20733.0,8.5,5,48.1,120.0,销售部,51.0,2,1
20.3,17700.0,0.0,4,37.8,120.0,销售部,49.0,3,1
7.5,12435.0,8.5,4,42.1,120.0,销售部,39.0,2,0
7.5,11059.0,9.6,3,20.9,88.0,技术部,30.0,1,0
11.2,16986.0,5.7,4,14.7,54.0,技术部,39.0,2,0
2.5,7859.0,5.8,4,31.8,120.0,运营部,25.0,2,0
23.8,18708.0,3.3,4,48.4,111.0,技术部,44.0,4,0
0.0,6701.0,4.0,4,29.0,120.0,运营部,26.0,1,0
13.8,14732.0,6.1,5,16.0,120.0,技术部,39.0,2,0
0.0,8104.0,5.9,5,6.0,0.0,人事部,24.0,2,0
5.6,12484.0,6.2,4,34.1,16.0,销售部,32.0,2,0
8.1,10367.0,5.9,5,18.9,66.0,财务部,30.0,1,0
16.6,14393.0,6.7,5,28.6,120.0,销售部,42.0,4,0
25.6,17866.0,6.4,1,25.2,111.0,市场部,48.0,1,0
0.0,7684.0,0.9,4,21.1,0.0,市场部,24.0,1,0
21.7,18855.0,6.5,3,35.9,120.0,财务部,50.0,2,0
25.9,13712.0,9.6,3,41.1,65.0,市场部,50.0,5,0
6.7,8373.0,3.9,3,69.3,77.0,财务部,33.0,1,0
16.0,12761.0,8.5,3,45.2,120.0,人事部,44.0,3,0
5.6,9139.0,1.2,1,61.9,26.0,市场部,35.0,2,0
6.0,9636.0,3.9,3,13.6,120.0,市场部,27.0,1,0
18.7,19656.0,2.1,1,0.0,112.0,技术部,39.0,2,0
3.6,7244.0,8.1,4,29.7,19.0,市场部,25.0,2,0
26.3,21461.0,8.9,5,47.2,120.0,技术部,51.0,2,1
27.4,20620.0,3.7,5,44.0,120.0,销售部,53.0,2,1
27.4,17170.0,7.5,3,54.2,120.0,运营部,49.0,1,0
16.1,17356.0,9.0,3,0.0,59.0,技术部,41.0,2,0
14.7,11419.0,3.9,5,55.1,120.0,市场部,40.0,3,0
32.7,17352.0,4.4,2,36.7,120.0,运营部,54.0,2,0
0.0,7511.0,6.2,5,0.0,120.0,运营部,30.0,3,0
0.0,11171.0,1.5,4,44.5,0.0,技术部,25.0,1,0
16.3,17821.0,4.3,4,33.4,83.0,技术部,41.0,2,0
6.9,9419.0,10.4,2,37.6,120.0,市场部,33.0,2,0
9.2,11888.0,2.5,1,50.0,25.0,财务部,33.0,1,0
0.0,6617.0,6.6,4,38.6,0.0,运营部,22.0,1,1
15.1,12762.0,5.6,3,0.5,108.0,销售部,42.0,3,0
5.1,12888.0,3.5,4,27.1,16.0,技术部,31.0,1,0
0.0,10638.0,4.7,4,0.0,120.0,销售部,28.0,1,1
0.0,7256.0,9.3,3,43.0,0.0,运营部,23.0,1,0
4.2,11882.0,5.7,3,58.0,42.0,技术部,34.0,1,0
28.3,18770.0,6.1,3,5.2,120.0,市场部,51.0,0,0
11.2,13282.0,8.8,3,16.6,98.0,技术部,33.0,1,0
15.7,18167.0,3.1,4,12.4,120.0,技术部,44.0,4,1
21.4,13944.0,0.9,4,20.9,120.0,运营部,47.0,2,1
4.8,11581.0,9.3,4,38.2,30.0,技术部,33.0,0,0
19.9,15837.0,4.4,3,21.1,106.0,销售部,49.0,2,0
21.5,15941.0,6.7,3,43.1,72.0,运营部,45.0,2,0
16.6,11991.0,1.7,4,51.3,120.0,财务部,40.0,1,0
0.0,10633.0,5.2,4,52.0,0.0,技术部,22.0,2,0
0.0,7949.0,0.7,4,7.6,0.0,市场部,23.0,1,0
27.0,16092.0,4.2,4,57.7,120.0,运营部,55.0,4,0
19.0,12825.0,2.1,5,59.3,120.0,市场部,48.0,2,1
27.3,15353.0,1.4,3,61.1,120.0,财务部,53.0,1,0
23.3,14346.0,3.1,3,26.8,120.0,财务部,52.0,0,0
0.0,7709.0,0.0,4,15.0,0.0,财务部,23.0,1,1
19.4,19729.0,0.5,2,10.3,120.0,销售部,48.0,0,0
14.3,12854.0,6.3,4,8.0,120.0,运营部,37.0,0,1
19.1,10951.0,5.0,3,30.2,58.0,运营部,48.0,1,0
0.0,8631.0,0.8,2,47.0,120.0,技术部,22.0,1,0
8.8,8201.0,5.6,2,56.1,104.0,人事部,32.0,1,1
20.3,16186.0,1.4,4,20.3,120.0,人事部,47.0,5,1
17.7,11863.0,6.2,4,29.2,120.0,人事部,48.0,2,0
19.0,12415.0,3.7,3,27.9,120.0,市场部,42.0,0,0
3.2,9896.0,3.0,2,17.3,14.0,市场部,32.0,2,0
0.6,8208.0,3.7,3,44.7,4.0,运营部,32.0,2,1
23.6,19468.0,11.7,3,37.3,120.0,技术部,54.0,1,0
11.2,11190.0,1.7,4,32.8,120.0,人事部,36.0,5,1
9.7,8674.0,4.7,3,37.2,120.0,运营部,37.0,2,0
8.1,8447.0,6.3,3,42.3,67.0,人事部,40.0,2,0
9.2,9363.0,1.1,2,42.1,32.0,市场部,36.0,2,0
18.6,12978.0,0.0,4,13.2,68.0,财务部,40.0,2,1
15.5,19338.0,2.2,4,47.9,120.0,技术部,36.0,0,1
19.5,13984.0,6.3,4,35.1,120.0,运营部,49.0,1,0
26.9,18930.0,3.0,4,21.3,120.0,市场部,52.0,2,0
30.0,21669.0,3.3,5,34.7,120.0,技术部,53.0,1,0
16.8,13226.0,6.7,3,36.9,120.0,人事部,41.0,2,0
7.9,13205.0,1.6,5,51.6,120.0,财务部,37.0,1,0
19.4,13798.0,3.7,4,9.1,120.0,财务部,45.0,2,0
19.6,24048.0,0.0,2,56.5,120.0,技术部,50.0,1,1
12.2,11958.0,5.0,4,30.5,120.0,人事部,41.0,2,0
13.3,14743.0,4.7,4,19.9,120.0,财务部,45.0,2,1
16.3,11602.0,6.4,4,19.3,120.0,人事部,47.0,1,0
20.9,14063.0,0.6,3,10.0,120.0,人事部,44.0,1,0
19.1,16429.0,3.4,3,0.0,120.0,销售部,47.0,1,0
8.8,13151.0,0.2,5,43.5,49.0,销售部,29.0,1,1
6.1,11419.0,3.3,3,69.6,33.0,运营部,38.0,2,0
17.9,13163.0,8.4,1,0.0,120.0,财务部,41.0,2,0
0.0,8605.0,3.0,3,11.0,0.0,市场部,22.0,3,0
19.8,19624.0,0.0,3,45.0,120.0,销售部,50.0,4,0
20.1,14838.0,2.0,4,29.1,120.0,财务部,42.0,2,0
0.0,5922.0,0.0,4,46.7,0.0,人事部,26.0,1,0
28.9,19247.0,0.1,5,28.0,120.0,技术部,49.0,2,1
20.7,12494.0,6.0,3,18.4,120.0,财务部,46.0,3,0
21.3,11618.0,0.0,3,25.5,120.0,运营部,47.0,4,0
10.5,14867.0,4.9,3,0.0,120.0,销售部,35.0,2,0
23.0,15671.0,4.1,3,7.1,120.0,销售部,50.0,0,0
5.0,10075.0,2.4,4,49.0,50.0,运营部,36.0,0,1
17.1,18604.0,4.7,2,53.8,120.0,技术部,41.0,2,0
0.0,7683.0,1.2,3,58.1,0.0,市场部,22.0,2,1
12.5,11431.0,6.5,5,38.8,120.0,市场部,43.0,5,1
16.7,13223.0,1.9,4,0.0,120.0,人事部,46.0,3,0
20.5,19455.0,2.8,2,17.3,120.0,技术部,41.0,1,1
6.7,11351.0,2.5,4,56.5,67.0,市场部,38.0,2,0
28.4,19360.0,6.1,4,62.5,120.0,技术部,49.0,3,1
16.9,13705.0,5.6,5,57.3,72.0,人事部,44.0,1,1
4.1,7853.0,0.0,4,25.3,23.0,财务部,31.0,2,0
24.6,17641.0,4.8,1,3.9,120.0,市场部,54.0,2,0
23.2,14998.0,0.0,3,29.2,120.0,市场部,45.0,0,0
32.8,22011.0,3.0,3,30.3,93.0,技术部,55.0,4,0
25.0,17282.0,3.7,4,61.3,120.0,运营部,54.0,4,1
30.2,15527.0,2.9,4,34.6,120.0,财务部,52.0,0,0
21.4,19784.0,5.5,4,30.3,120.0,销售部,47.0,2,1
13.2,14931.0,6.2,4,31.5,90.0,市场部,42.0,1,1
0.2,7002.0,1.7,3,38.0,120.0,人事部,28.0,2,0
17.5,11203.0,1.6,2,42.5,65.0,人事部,40.0,1,0
23.4,13449.0,3.9,3,15.5,120.0,市场部,47.0,0,0
7.4,14538.0,0.0,3,8.8,78.0,销售部,39.0,5,0
25.6,17625.0,2.6,4,57.4,120.0,财务部,51.0,1,1
5.5,7314.0,8.0,5,0.0,120.0,财务部,26.0,2,1
12.4,11782.0,0.0,3,62.8,60.0,财务部,35.0,2,0
14.9,13916.0,3.0,4,0.0,59.0,技术部,39.0,3,1
4.0,10501.0,2.2,3,18.3,12.0,市场部,36.0,4,0
2.4,8410.0,10.0,4,49.4,120.0,财务部,26.0,2,1
6.7,7041.0,2.4,1,30.0,120.0,运营部,27.0,0,0
23.8,18314.0,2.6,4,3.7,120.0,财务部,50.0,1,0
17.0,11855.0,0.9,3,38.5,120.0,市场部,38.0,3,0
0.7,7868.0,4.0,3,31.3,7.0,财务部,24.0,2,1
0.0,8651.0,4.8,4,25.7,0.0,销售部,23.0,0,0
9.5,17869.0,1.3,3,17.5,90.0,技术部,38.0,1,0
6.4,8376.0,7.0,3,29.3,120.0,人事部,27.0,4,0
19.6,15407.0,4.8,3,18.4,120.0,运营部,45.0,1,0
25.9,13886.0,6.6,5,78.7,120.0,运营部,48.0,1,1
8.5,11658.0,3.0,3,25.2,40.0,财务部,30.0,6,0
15.0,15463.0,4.7,4,22.5,120.0,技术部,42.0,3,1
0.9,8022.0,3.4,5,19.2,8.0,运营部,27.0,4,1
3.1,7870.0,8.4,4,65.5,120.0,市场部,32.0,1,0
20.3,20641.0,4.3,3,0.0,95.0,销售部,51.0,1,0
17.0,14250.0,4.0,4,37.2,56.0,运营部,40.0,3,0
19.9,13742.0,2.6,2,25.2,62.0,人事部,51.0,2,0
2.8,8096.0,2.5,4,1.5,24.0,人事部,29.0,2,0
9.9,12493.0,4.7,3,13.6,38.0,销售部,33.0,0,0
7.9,9238.0,6.5,4,36.3,120.0,运营部,38.0,2,1
17.6,14143.0,1.9,4,12.7,120.0,市场部,38.0,0,1
28.3,19332.0,4.4,3,35.2,76.0,财务部,55.0,4,0
0.0,7181.0,4.6,2,64.6,0.0,人事部,26.0,3,1
26.6,14450.0,5.1,3,33.4,120.0,财务部,50.0,1,0
20.6,20256.0,0.0,4,0.9,117.0,销售部,51.0,3,0
17.1,12489.0,1.2,3,13.1,80.0,销售部,40.0,2,0
2.9,10022.0,0.0,4,24.3,30.0,市场部,33.0,2,0
18.1,10198.0,4.1,4,23.0,120.0,运营部,39.0,0,0
10.1,8359.0,1.3,5,33.0,120.0,人事部,32.0,3,1
23.4,12834.0,2.5,3,36.2,117.0,市场部,48.0,5,1
7.8,9580.0,0.4,2,64.6,52.0,人事部,38.0,1,0
31.3,17304.0,2.8,3,29.9,120.0,人事部,53.0,2,0
12.5,13062.0,0.6,4,7.0,41.0,市场部,43.0,2,1
16.2,14004.0,6.3,3,53.1,120.0,市场部,39.0,1,0
19.6,14127.0,5.4,3,55.3,120.0,运营部,45.0,2,0
14.8,10966.0,4.5,3,34.6,93.0,财务部,39.0,1,0
30.6,19171.0,3.1,4,25.1,120.0,技术部,52.0,3,1
0.0,7750.0,0.0,5,42.5,0.0,人事部,28.0,3,0
28.7,18933.0,2.6,3,25.8,120.0,财务部,54.0,3,0
20.7,15841.0,1.7,3,0.0,120.0,财务部,49.0,3,0
23.1,13033.0,4.7,3,41.3,120.0,人事部,50.0,1,0
12.0,12244.0,5.9,3,47.8,92.0,运营部,38.0,3,0
22.6,14631.0,5.0,5,58.8,114.0,销售部,50.0,4,0
1.2,9518.0,7.8,3,15.4,11.0,市场部,32.0,1,0
18.6,13780.0,2.3,4,34.5,73.0,销售部,47.0,2,0
0.6,8675.0,2.2,5,35.0,120.0,财务部,27.0,3,1
4.3,9342.0,7.1,4,31.7,30.0,市场部,32.0,1,0
9.7,12492.0,4.5,3,32.3,120.0,市场部,37.0,4,0
7.8,7765.0,3.3,4,30.7,120.0,人事部,33.0,3,1
7.5,10987.0,9.5,3,34.2,32.0,市场部,35.0,2,0
23.7,13804.0,5.7,3,44.8,120.0,市场部,49.0,0,0
0.9,9313.0,3.4,5,54.4,7.0,市场部,30.0,3,1
15.4,13180.0,1.9,3,14.9,93.0,销售部,47.0,1,0
0.0,8195.0,8.0,3,26.6,0.0,技术部,24.0,2,0
17.2,14153.0,4.6,3,21.5,120.0,人事部,47.0,7,0
20.8,16482.0,4.1,3,18.7,72.0,技术部,48.0,1,0
6.0,10228.0,6.0,4,0.0,120.0,销售部,35.0,1,0
23.9,15945.0,6.6,4,30.5,120.0,人事部,46.0,0,1
26.3,24925.0,5.6,4,39.6,120.0,技术部,52.0,2,0
24.9,18472.0,6.7,3,26.9,120.0,财务部,48.0,2,0
15.0,10258.0,5.4,2,29.8,120.0,人事部,35.0,3,0
6.4,11103.0,5.7,3,38.4,120.0,财务部,38.0,5,0
17.6,17962.0,1.8,4,58.2,92.0,销售部,48.0,0,1
5.8,11068.0,9.4,4,21.6,44.0,技术部,32.0,1,1
26.0,16232.0,0.3,4,6.6,90.0,运营部,49.0,2,1
4.7,9127.0,4.9,5,28.2,120.0,销售部,33.0,1,0
23.8,16896.0,0.0,4,67.7,120.0,人事部,49.0,0,1
0.0,8993.0,3.7,3,6.8,0.0,销售部,25.0,1,0
0.0,9659.0,2.3,4,43.0,0.0,技术部,23.0,2,0
30.8,16468.0,4.4,4,53.2,85.0,人事部,55.0,1,1
28.1,13562.0,5.0,5,0.0,120.0,运营部,51.0,1,0
27.8,14534.0,1.1,3,38.2,120.0,运营部,51.0,0,0
31.9,17996.0,3.9,4,42.1,89.0,人事部,53.0,2,0
11.3,13036.0,8.2,3,24.7,54.0,销售部,36.0,4,0
10.8,9843.0,0.1,4,17.1,34.0,运营部,31.0,1,0
4.6,6970.0,1.4,5,18.2,43.0,人事部,26.0,1,0
15.7,15377.0,6.6,5,23.4,120.0,销售部,39.0,4,0
7.1,12152.0,4.2,3,24.0,23.0,技术部,29.0,3,0
24.2,13193.0,4.5,3,20.2,83.0,运营部,53.0,2,0
0.7,9637.0,7.1,4,23.1,8.0,销售部,22.0,4,0
0.0,7265.0,1.6,4,53.8,0.0,人事部,27.0,1,0
7.3,13093.0,2.4,5,5.7,39.0,技术部,30.0,1,0
7.7,12974.0,2.1,3,0.0,69.0,销售部,29.0,1,0
8.9,10548.0,3.0,4,54.1,27.0,销售部,29.0,0,0
15.4,17715.0,8.0,4,26.2,120.0,销售部,44.0,4,0
9.9,10604.0,0.0,3,22.2,120.0,人事部,33.0,2,0
15.9,12778.0,0.4,2,27.8,120.0,运营部,42.0,1,0
29.7,14149.0,0.0,4,34.2,120.0,运营部,51.0,0,1
10.2,9115.0,8.2,3,19.5,39.0,人事部,42.0,1,0
23.5,16572.0,2.2,4,40.1,120.0,销售部,45.0,5,1
9.1,7902.0,3.0,4,10.8,107.0,运营部,34.0,6,1
0.0,6669.0,0.0,3,24.0,0.0,财务部,27.0,2,1
10.1,11388.0,3.2,3,0.0,30.0,财务部,33.0,1,0
30.8,17910.0,6.6,5,53.4,120.0,人事部,54.0,0,0
13.3,10232.0,4.8,4,26.5,50.0,人事部,43.0,2,1
7.7,10024.0,3.7,4,43.4,23.0,运营部,31.0,3,0
17.0,15280.0,0.0,4,39.5,120.0,财务部,37.0,1,0
24.9,18083.0,3.0,4,41.0,120.0,财务部,50.0,2,1
23.8,15398.0,4.4,5,29.8,120.0,人事部,44.0,2,1
10.1,14462.0,1.0,4,37.8,120.0,销售部,41.0,4,1
23.3,15966.0,6.0,4,10.8,120.0,销售部,51.0,2,0
17.0,13221.0,6.7,3,6.6,120.0,财务部,44.0,0,0
20.6,22345.0,2.4,3,28.0,106.0,技术部,43.0,3,0
0.0,9602.0,6.2,4,16.4,0.0,销售部,28.0,3,1
0.0,7932.0,3.7,3,58.5,0.0,人事部,26.0,2,1
33.3,20049.0,7.4,4,37.5,120.0,运营部,54.0,2,0
11.4,11229.0,10.1,5,15.7,64.0,财务部,42.0,1,0
9.0,10401.0,0.7,3,24.6,75.0,市场部,36.0,3,0
11.5,13171.0,6.3,2,32.7,111.0,市场部,41.0,2,0
0.8,5655.0,7.9,4,28.6,120.0,人事部,24.0,2,0
27.5,17330.0,1.1,1,35.4,104.0,财务部,49.0,4,0
0.6,12371.0,2.3,4,31.4,3.0,技术部,29.0,4,0
19.5,15924.0,2.2,4,2.2,120.0,财务部,49.0,1,0
15.4,12009.0,3.6,3,0.0,120.0,市场部,40.0,3,0
10.7,10582.0,2.9,4,22.5,106.0,人事部,31.0,2,0
0.0,5756.0,3.4,4,41.2,0.0,运营部,23.0,1,1
26.5,17351.0,6.5,3,22.8,120.0,运营部,49.0,1,0
3.9,7546.0,0.0,3,54.7,46.0,财务部,28.0,1,0
0.0,8705.0,1.1,3,29.1,120.0,市场部,24.0,4,0
25.8,16196.0,6.0,5,57.1,119.0,市场部,47.0,3,0
13.1,12524.0,5.7,2,53.0,108.0,销售部,34.0,1,0
14.7,10974.0,0.8,3,51.0,120.0,运营部,35.0,4,0
0.0,6733.0,5.7,3,5.9,0.0,运营部,30.0,0,0
26.3,14829.0,8.0,3,30.3,120.0,运营部,50.0,2,0
4.1,12062.0,3.9,2,54.5,24.0,销售部,32.0,1,1
0.0,10291.0,1.0,4,35.4,0.0,销售部,29.0,1,1
4.0,7475.0,6.6,2,41.1,120.0,运营部,32.0,0,1
2.7,9507.0,9.2,4,2.2,120.0,财务部,29.0,4,0
5.7,10223.0,1.3,3,68.4,64.0,人事部,32.0,0,0
0.5,8854.0,4.1,3,14.2,120.0,市场部,25.0,1,0
0.0,7811.0,7.3,3,0.0,0.0,市场部,27.0,1,0
4.5,8438.0,4.3,4,23.0,22.0,财务部,36.0,3,0
21.5,16831.0,0.0,5,0.0,77.0,人事部,51.0,2,1
0.0,7283.0,5.3,3,8.3,0.0,市场部,24.0,2,0
5.0,7947.0,1.1,5,81.2,120.0,人事部,29.0,2,1
21.4,19524.0,0.2,3,22.4,120.0,销售部,52.0,4,0
29.4,15875.0,0.0,4,1.4,120.0,市场部,51.0,2,1
13.8,13634.0,7.6,4,30.5,120.0,运营部,44.0,2,0
6.9,7384.0,1.5,3,12.0,17.0,运营部,30.0,0,0
7.4,10735.0,5.0,3,47.3,120.0,运营部,36.0,0,0
0.0,10896.0,5.7,2,12.2,0.0,销售部,29.0,6,1
0.3,8585.0,4.5,4,35.4,120.0,运营部,26.0,5,1
12.7,12410.0,4.9,3,7.1,120.0,运营部,35.0,1,0
10.9,12743.0,5.1,5,82.0,120.0,运营部,41.0,0,0
9.6,13059.0,4.4,3,40.1,47.0,技术部,34.0,2,0
18.2,14888.0,1.7,5,27.1,120.0,人事部,42.0,1,1
5.9,10519.0,1.5,2,24.1,21.0,运营部,32.0,0,0
7.8,9589.0,3.7,4,18.9,120.0,人事部,33.0,1,1
19.8,16023.0,3.6,3,14.8,120.0,销售部,48.0,0,0
29.4,13311.0,5.3,3,14.2,120.0,人事部,51.0,0,0
7.8,14158.0,7.3,2,63.6,120.0,技术部,33.0,2,0
10.3,13189.0,5.0,4,18.9,40.0,市场部,41.0,1,1
10.6,10356.0,1.6,3,0.0,120.0,财务部,31.0,0,0
0.0,7314.0,0.0,4,6.7,120.0,市场部,24.0,0,1
18.1,13451.0,1.7,5,48.6,68.0,人事部,46.0,4,0
0.0,7316.0,0.0,3,25.0,0.0,销售部,28.0,4,0
8.9,13228.0,1.8,2,27.3,120.0,财务部,36.0,3,0
8.1,10369.0,4.7,2,53.4,27.0,财务部,38.0,0,0
5.3,7930.0,4.3,2,14.5,47.0,财务部,28.0,2,0
0.8,6980.0,9.6,3,42.6,2.0,销售部,25.0,0,1
1.7,11678.0,5.4,4,16.6,18.0,销售部,33.0,1,1
22.4,20699.0,9.7,3,41.5,120.0,销售部,53.0,2,0
15.3,11197.0,6.1,2,22.2,73.0,市场部,42.0,1,1
9.3,9565.0,7.3,4,25.2,65.0,财务部,35.0,1,0
0.0,7295.0,2.9,3,46.4,0.0,市场部,23.0,3,0
21.3,12730.0,0.8,4,45.0,120.0,市场部,42.0,4,1
0.0,9329.0,2.7,5,26.7,0.0,销售部,25.0,1,0
10.2,10903.0,4.0,3,20.6,100.0,销售部,40.0,2,0
21.5,15655.0,2.1,4,62.0,120.0,财务部,47.0,1,1
12.6,10225.0,1.0,4,41.8,120.0,人事部,36.0,4,1
7.9,11258.0,5.3,4,22.2,120.0,销售部,32.0,3,1
2.5,7071.0,1.0,4,16.9,120.0,运营部,24.0,1,0
0.0,6416.0,0.0,4,50.5,120.0,财务部,23.0,1,1
9.3,11000.0,0.6,4,32.3,97.0,销售部,36.0,5,1
28.2,14280.0,3.3,4,26.7,120.0,市场部,51.0,1,0
2.5,9900.0,1.0,4,32.3,120.0,技术部,30.0,1,1
9.2,18567.0,3.3,4,36.8,54.0,技术部,41.0,1,1
23.5,14089.0,5.8,4,28.9,120.0,市场部,45.0,1,0
0.0,7013.0,5.7,3,54.1,0.0,市场部,24.0,0,0
1.1,6333.0,2.0,4,55.2,10.0,人事部,27.0,0,1
11.0,15974.0,0.1,3,40.6,120.0,技术部,33.0,2,0
17.6,14864.0,2.3,3,57.5,120.0,运营部,44.0,0,0
8.7,13674.0,6.0,3,30.2,40.0,销售部,36.0,1,1
24.1,21357.0,6.7,3,43.8,120.0,技术部,46.0,1,0
29.1,17693.0,5.1,4,50.1,120.0,人事部,51.0,2,1
16.7,12455.0,7.6,3,50.4,120.0,人事部,47.0,2,0
31.3,21172.0,9.2,4,48.3,120.0,财务部,55.0,3,1
19.4,21727.0,2.6,4,42.6,118.0,技术部,47.0,3,1
22.5,16654.0,8.5,3,69.1,120.0,技术部,50.0,2,0
18.9,15056.0,3.2,3,19.2,104.0,市场部,49.0,3,0
17.1,12972.0,7.1,4,26.9,67.0,市场部,46.0,4,0
17.9,11100.0,6.1,4,25.7,83.0,运营部,48.0,1,0
25.5,21352.0,0.0,3,22.6,120.0,销售部,53.0,4,0
12.6,10796.0,1.1,3,0.0,58.0,销售部,38.0,4,0
18.3,13868.0,0.3,3,57.5,120.0,运营部,43.0,2,1
14.5,19812.0,0.0,2,9.5,120.0,技术部,39.0,1,0
25.0,21296.0,6.6,1,33.4,120.0,技术部,50.0,1,0
14.4,11648.0,10.2,5,1.6,120.0,市场部,36.0,2,0
23.9,16813.0,3.2,2,42.4,120.0,市场部,49.0,4,0
23.3,17793.0,6.6,2,14.3,75.0,财务部,48.0,1,1
33.6,15178.0,8.5,5,7.3,120.0,运营部,54.0,3,1
6.7,7973.0,4.6,4,33.9,75.0,运营部,30.0,1,0
16.0,16003.0,3.9,3,16.0,72.0,销售部,45.0,0,1
20.1,15949.0,3.3,4,18.5,120.0,运营部,47.0,0,0
23.3,15271.0,5.6,5,33.4,120.0,财务部,53.0,0,1
25.5,20887.0,6.6,2,46.0,120.0,技术部,52.0,1,0
10.8,13265.0,5.4,3,13.6,112.0,运营部,41.0,2,0
11.4,14066.0,5.3,5,10.2,120.0,技术部,41.0,3,0
6.8,7942.0,3.8,4,30.5,120.0,财务部,28.0,4,0
22.3,15439.0,0.0,5,40.8,120.0,人事部,54.0,2,1
9.8,9316.0,6.7,3,59.3,99.0,销售部,30.0,2,0
18.8,14065.0,0.1,5,8.6,86.0,销售部,46.0,0,1
18.5,15628.0,5.9,3,23.6,52.0,市场部,48.0,3,0
13.0,11633.0,6.3,4,53.5,120.0,运营部,37.0,3,1
1.8,9621.0,0.6,5,69.5,17.0,销售部,29.0,1,1
3.7,8524.0,2.2,3,10.1,34.0,财务部,28.0,1,0
29.3,17889.0,10.4,3,15.2,120.0,市场部,50.0,2,0
18.9,18735.0,3.8,4,37.6,103.0,技术部,39.0,4,0
3.9,8609.0,0.3,4,18.4,33.0,人事部,25.0,2,1
24.8,15945.0,6.4,2,14.8,120.0,人事部,46.0,1,0
2.7,9636.0,1.7,5,34.9,31.0,财务部,30.0,3,0
24.7,21127.0,0.0,3,61.0,120.0,销售部,51.0,9,0
6.5,14905.0,5.6,3,3.8,62.0,技术部,32.0,1,0
0.7,7245.0,1.3,3,60.0,120.0,市场部,29.0,4,0
4.8,10301.0,5.0,5,18.5,120.0,财务部,25.0,7,1
15.7,15025.0,1.6,2,36.9,47.0,财务部,39.0,1,0
7.7,11325.0,6.1,4,61.8,79.0,销售部,37.0,1,1
16.1,11531.0,4.6,2,36.5,120.0,财务部,47.0,1,0
11.7,13623.0,0.0,5,24.1,120.0,销售部,37.0,2,1
12.0,9963.0,5.1,4,44.4,120.0,人事部,33.0,1,0
1.4,8839.0,3.1,3,26.5,11.0,人事部,31.0,0,0
0.4,8816.0,8.3,3,40.4,2.0,财务部,31.0,6,0
28.0,18950.0,5.2,3,25.9,120.0,技术部,53.0,2,0
4.1,7168.0,6.3,3,47.2,31.0,运营部,27.0,1,0
34.5,28704.0,1.9,4,2.1,120.0,技术部,55.0,4,0
5.9,7431.0,1.6,4,9.7,39.0,运营部,33.0,1,1
0.0,11029.0,3.9,3,1.8,0.0,技术部,25.0,2,0
1.9,8141.0,2.9,4,28.9,120.0,财务部,30.0,1,1
0.2,9744.0,8.0,3,0.0,120.0,技术部,24.0,1,1
20.3,20084.0,3.5,2,16.2,120.0,技术部,48.0,0,0
9.0,9437.0,0.3,2,7.8,29.0,人事部,39.0,3,0
7.3,9938.0,1.5,3,59.6,120.0,人事部,33.0,2,0
14.2,18824.0,6.9,4,10.2,46.0,技术部,44.0,2,1
18.3,10591.0,3.5,2,4.3,120.0,运营部,43.0,3,0
28.8,18499.0,3.3,4,35.0,120.0,销售部,53.0,1,1
27.0,21132.0,7.2,3,63.7,120.0,销售部,54.0,1,0
18.4,17101.0,1.3,4,27.7,59.0,销售部,44.0,4,1
17.3,15074.0,0.0,1,29.2,120.0,市场部,49.0,1,0
21.8,19017.0,1.4,3,55.8,120.0,销售部,48.0,1,0
13.4,10437.0,4.7,2,47.6,33.0,市场部,38.0,0,0
20.3,13803.0,3.3,3,38.5,120.0,销售部,45.0,3,1
0.0,10710.0,0.0,1,18.4,0.0,技术部,25.0,4,0
22.7,16796.0,7.0,3,39.1,78.0,市场部,47.0,2,0
25.3,17387.0,4.5,4,2.8,120.0,人事部,54.0,3,0
0.4,6148.0,5.2,2,17.5,3.0,人事部,25.0,3,0
25.4,16691.0,5.3,4,58.6,68.0,市场部,50.0,2,0
25.6,19985.0,0.1,4,56.0,120.0,销售部,53.0,1,1
8.3,8013.0,4.9,4,38.7,120.0,人事部,29.0,1,0
11.1,10937.0,6.7,4,0.0,85.0,人事部,39.0,3,0
26.9,16461.0,7.4,3,5.8,120.0,人事部,53.0,1,0
28.6,14206.0,6.2,4,16.4,120.0,运营部,54.0,2,0
0.0,6756.0,5.5,4,26.6,120.0,人事部,26.0,6,1
4.9,8043.0,0.0,4,5.0,35.0,运营部,34.0,1,1
14.8,15920.0,4.0,3,25.1,120.0,市场部,45.0,3,1
4.5,8276.0,1.1,4,65.3,34.0,市场部,29.0,1,1
9.1,10050.0,7.8,2,38.0,45.0,销售部,33.0,2,0
0.0,6671.0,7.4,3,34.4,0.0,销售部,23.0,0,0
0.0,5926.0,1.1,1,9.6,120.0,人事部,27.0,1,0
13.4,10122.0,3.9,3,0.0,43.0,人事部,41.0,3,0
17.3,13202.0,4.7,4,5.4,52.0,人事部,44.0,2,0
13.7,11710.0,6.7,5,0.0,95.0,销售部,43.0,1,0
25.7,14946.0,0.0,2,31.5,120.0,市场部,48.0,4,0
9.3,10197.0,0.0,4,37.7,32.0,销售部,36.0,2,0
9.1,9060.0,4.1,4,10.7,120.0,运营部,31.0,4,0
0.0,6715.0,0.0,5,33.0,0.0,销售部,23.0,2,0
1.0,11593.0,4.5,4,59.4,6.0,技术部,29.0,0,1
6.1,10775.0,5.8,2,69.2,120.0,财务部,32.0,1,0
3.4,8732.0,7.7,2,45.4,120.0,运营部,28.0,2,0
0.0,5966.0,2.1,4,26.5,0.0,运营部,23.0,0,0
0.0,12008.0,4.5,3,44.8,0.0,技术部,27.0,1,0
17.7,16738.0,6.0,5,57.0,102.0,销售部,44.0,3,1
11.6,13657.0,0.5,5,0.0,120.0,技术部,43.0,1,0
27.9,18826.0,6.7,5,59.6,74.0,销售部,53.0,3,1
18.5,16496.0,4.8,3,19.1,120.0,财务部,48.0,1,0
19.0,14184.0,2.2,4,19.3,116.0,销售部,41.0,5,0
3.6,10861.0,4.4,4,22.9,120.0,技术部,27.0,1,1
16.9,14231.0,3.6,2,36.4,120.0,财务部,41.0,3,0
2.7,8700.0,6.3,3,7.8,25.0,技术部,24.0,1,0
10.0,14882.0,2.9,3,24.3,120.0,销售部,36.0,2,0
12.7,13331.0,4.7,3,40.5,34.0,技术部,35.0,1,0
8.4,11677.0,2.1,5,34.4,120.0,技术部,36.0,1,0
8.7,8334.0,1.2,4,37.6,90.0,市场部,31.0,5,1
23.5,13346.0,4.5,3,23.5,120.0,运营部,45.0,1,0
18.4,15762.0,1.3,4,43.9,120.0,人事部,50.0,2,1
19.1,21804.0,6.4,3,51.1,120.0,技术部,47.0,1,0
11.8,19398.0,5.8,3,49.9,120.0,技术部,43.0,1,0
14.1,12993.0,1.7,2,38.6,120.0,市场部,40.0,4,0
2.6,7807.0,4.6,4,48.8,16.0,财务部,23.0,3,1
19.1,12643.0,1.7,4,47.4,120.0,人事部,46.0,2,1
13.3,9327.0,0.0,4,83.5,120.0,人事部,40.0,3,1
10.8,12581.0,2.2,5,54.4,120.0,市场部,31.0,2,1
2.7,10423.0,3.8,3,28.2,120.0,销售部,33.0,4,0
25.6,21792.0,5.6,4,11.8,120.0,技术部,53.0,1,0
14.1,17356.0,4.4,2,24.8,80.0,技术部,43.0,4,1
12.1,17610.0,6.7,3,23.4,90.0,技术部,38.0,1,0
14.6,10587.0,1.1,4,40.2,120.0,运营部,42.0,1,1
12.9,14284.0,2.9,2,16.0,94.0,销售部,36.0,2,0
6.3,10696.0,8.9,3,53.8,120.0,人事部,38.0,3,0
7.2,11672.0,0.0,3,2.2,120.0,财务部,32.0,0,0
15.1,10100.0,2.6,2,0.0,120.0,财务部,37.0,4,1
24.3,13552.0,0.8,5,27.3,120.0,市场部,45.0,4,1
0.0,6627.0,3.4,3,13.1,0.0,人事部,23.0,4,0
16.2,21404.0,2.7,4,4.8,120.0,技术部,48.0,3,0
0.3,13430.0,5.8,5,17.3,120.0,技术部,31.0,0,1
16.6,14604.0,4.8,4,14.8,120.0,市场部,45.0,2,0
11.1,11211.0,0.1,3,30.2,69.0,市场部,43.0,0,0
15.3,11937.0,2.2,5,17.6,120.0,财务部,44.0,4,1
17.9,13189.0,4.0,3,19.2,72.0,人事部,42.0,2,0
26.8,15435.0,6.2,3,29.9,67.0,财务部,54.0,1,0
18.0,15109.0,11.3,4,50.3,112.0,销售部,39.0,2,0
23.3,19408.0,6.1,3,59.4,120.0,销售部,46.0,2,0
20.0,12690.0,1.0,4,33.0,79.0,人事部,45.0,1,1
7.6,10486.0,3.7,2,34.5,65.0,销售部,30.0,2,0
0.0,7045.0,4.5,4,26.3,0.0,财务部,31.0,0,0
4.1,9215.0,2.4,4,39.6,49.0,财务部,36.0,1,0
6.5,9665.0,5.4,5,37.8,68.0,人事部,31.0,2,1
5.5,8667.0,0.0,2,56.5,120.0,人事部,34.0,1,0
10.1,9730.0,5.7,3,0.0,77.0,市场部,35.0,4,0
20.3,13305.0,2.6,5,25.3,120.0,销售部,42.0,4,1
5.0,7835.0,3.7,4,36.8,19.0,市场部,29.0,2,0
26.2,17646.0,8.4,2,29.5,120.0,市场部,49.0,5,1
12.1,13588.0,0.2,2,11.2,108.0,销售部,36.0,2,0
22.4,15343.0,4.8,4,4.0,120.0,财务部,45.0,0,0
3.7,9340.0,6.4,4,46.1,17.0,销售部,25.0,0,0
15.4,11007.0,4.5,4,14.9,60.0,财务部,38.0,3,0
0.0,6707.0,0.0,5,0.0,0.0,人事部,23.0,0,0
23.0,11272.0,8.1,3,47.1,120.0,运营部,44.0,4,0
9.1,16386.0,3.4,3,39.2,120.0,技术部,33.0,4,0
26.7,12810.0,2.4,4,27.7,120.0,人事部,53.0,3,0
8.7,13472.0,3.1,5,11.7,120.0,技术部,33.0,3,0
14.8,10491.0,2.9,3,27.7,120.0,市场部,41.0,1,0
9.5,12749.0,0.4,4,54.3,42.0,销售部,30.0,1,0
14.2,14801.0,4.5,3,0.0,120.0,技术部,42.0,5,0
10.2,14916.0,2.2,3,0.0,120.0,销售部,37.0,2,0
5.8,10905.0,6.0,5,17.4,120.0,技术部,34.0,1,1
2.2,8926.0,5.6,2,29.5,22.0,人事部,29.0,1,0
0.7,11107.0,8.9,1,20.1,4.0,技术部,26.0,1,1
1.8,7433.0,3.4,4,42.9,16.0,市场部,26.0,1,0
32.3,14835.0,1.6,3,51.8,120.0,人事部,55.0,2,0
10.0,9676.0,0.0,3,35.6,105.0,运营部,36.0,1,0
1.7,7779.0,10.6,4,41.2,17.0,运营部,22.0,1,0
29.1,26446.0,6.0,3,35.4,120.0,技术部,53.0,2,0
0.0,5834.0,1.9,4,30.2,0.0,运营部,23.0,1,0
14.7,11617.0,9.1,3,4.1,120.0,财务部,36.0,1,1
25.2,15693.0,8.1,2,9.4,68.0,销售部,46.0,3,0
24.2,14128.0,0.0,4,3.0,120.0,市场部,52.0,6,1
21.2,14424.0,1.7,3,27.0,120.0,运营部,46.0,5,0
7.4,10350.0,3.6,5,34.6,23.0,市场部,37.0,3,0
22.8,16313.0,0.8,5,1.0,120.0,销售部,54.0,1,1
0.0,7687.0,3.7,4,31.5,0.0,运营部,23.0,4,0
29.9,18037.0,6.1,3,12.5,120.0,运营部,55.0,2,0
26.8,16836.0,0.0,3,8.6,118.0,运营部,50.0,4,0
25.7,12546.0,4.9,5,17.5,62.0,运营部,53.0,2,0
2.5,9445.0,7.5,3,7.6,9.0,运营部,30.0,4,0
0.0,8291.0,5.2,4,42.1,0.0,市场部,27.0,4,1
20.1,16106.0,3.8,4,26.6,120.0,销售部,44.0,2,0
18.2,10849.0,2.0,3,46.3,120.0,财务部,39.0,2,0
16.5,16766.0,6.5,2,21.1,58.0,销售部,39.0,2,0
31.1,18489.0,0.5,4,21.9,120.0,市场部,53.0,0,1
20.5,16273.0,4.7,4,67.5,70.0,财务部,42.0,2,1
0.9,8585.0,4.1,3,0.0,120.0,运营部,32.0,3,0
14.8,15025.0,7.4,4,55.7,120.0,销售部,35.0,1,1
0.0,9361.0,2.3,4,63.1,0.0,销售部,26.0,2,0
0.0,8623.0,2.5,3,45.3,0.0,人事部,28.0,0,0
2.7,9941.0,0.3,3,23.4,32.0,技术部,27.0,0,0
22.7,13997.0,5.3,4,58.5,120.0,财务部,49.0,0,0
16.7,13759.0,2.7,4,23.6,120.0,人事部,45.0,1,1
16.2,13247.0,1.4,5,15.9,40.0,财务部,40.0,1,0
8.3,11187.0,1.7,2,22.2,120.0,市场部,34.0,4,0
14.2,13105.0,5.6,5,18.6,72.0,人事部,44.0,0,0
20.1,15662.0,0.7,4,11.1,120.0,市场部,49.0,2,1
21.3,15967.0,1.0,4,52.2,60.0,人事部,51.0,2,0
8.2,10797.0,6.7,3,14.5,31.0,市场部,40.0,0,0
24.6,24188.0,3.5,1,29.4,120.0,技术部,49.0,0,0
10.0,9990.0,6.9,4,1.1,120.0,财务部,39.0,1,0
10.8,16244.0,2.9,3,30.6,31.0,技术部,38.0,2,1
23.0,16907.0,4.0,3,6.9,120.0,运营部,51.0,1,0
6.1,9434.0,4.5,5,6.4,57.0,财务部,35.0,1,0
6.0,9726.0,8.2,3,27.8,45.0,市场部,35.0,1,0
1.4,8373.0,7.9,5,51.1,9.0,市场部,32.0,2,0
14.8,13139.0,7.5,4,38.8,63.0,财务部,39.0,1,0
12.2,13207.0,2.1,4,40.2,120.0,销售部,40.0,5,0
20.6,13653.0,1.0,3,27.4,120.0,销售部,44.0,0,0
8.9,12930.0,6.3,4,23.3,44.0,市场部,36.0,3,0
0.0,8100.0,8.1,4,45.8,120.0,销售部,29.0,4,0
21.5,14551.0,7.5,5,18.7,80.0,人事部,51.0,3,0
8.0,14235.0,4.0,3,46.7,60.0,技术部,33.0,2,0
25.9,12475.0,6.2,3,54.7,120.0,人事部,52.0,2,0
5.0,7838.0,6.2,5,13.2,41.0,市场部,29.0,1,0
18.0,16166.0,4.4,2,16.1,107.0,财务部,40.0,1,0
16.9,18539.0,4.6,4,19.1,59.0,技术部,40.0,1,0
18.1,12177.0,4.3,2,0.7,120.0,市场部,49.0,3,1
3.3,8761.0,1.6,2,20.6,24.0,人事部,27.0,2,0
20.3,17506.0,1.9,4,56.0,111.0,销售部,52.0,1,1
17.1,14482.0,1.9,4,9.1,120.0,技术部,40.0,2,0
12.3,13522.0,0.0,4,56.5,100.0,财务部,41.0,1,1
12.1,15947.0,4.4,3,21.3,120.0,技术部,39.0,3,0
0.0,7228.0,3.9,4,72.3,0.0,销售部,23.0,0,1
10.3,13537.0,6.3,5,16.4,103.0,市场部,38.0,1,1
2.5,8386.0,7.8,3,27.1,10.0,财务部,31.0,1,0
2.1,8563.0,8.0,3,11.8,120.0,财务部,33.0,0,0
16.2,11201.0,8.3,3,16.2,120.0,人事部,43.0,1,0
17.2,13091.0,1.7,4,56.8,85.0,运营部,38.0,6,1
1.8,11412.0,0.0,3,39.5,13.0,技术部,25.0,1,0
0.0,8826.0,6.8,4,50.6,0.0,市场部,24.0,2,0
2.1,9993.0,8.1,3,3.7,14.0,技术部,28.0,1,0
1.4,12287.0,8.7,4,43.1,6.0,技术部,28.0,4,0
14.8,15012.0,5.5,4,10.6,120.0,销售部,42.0,2,0
3.4,8200.0,0.0,4,3.3,33.0,财务部,28.0,1,0
21.7,11717.0,5.1,3,34.8,120.0,运营部,51.0,2,0
0.3,8535.0,5.7,3,34.6,2.0,人事部,29.0,2,0
0.0,6947.0,7.8,4,31.1,0.0,财务部,25.0,1,0
22.4,15282.0,8.3,3,44.4,120.0,人事部,51.0,1,0
1.3,10161.0,6.7,4,47.5,9.0,销售部,32.0,2,0
8.9,8068.0,2.2,3,59.4,120.0,运营部,36.0,4,0
22.4,17873.0,0.9,2,6.2,78.0,运营部,54.0,1,0
31.6,26737.0,5.6,3,60.0,120.0,技术部,53.0,1,0
18.4,14501.0,1.6,4,67.6,120.0,市场部,46.0,2,1
0.0,7333.0,8.4,5,22.7,0.0,人事部,24.0,1,0
16.3,13433.0,0.0,3,0.0,120.0,市场部,42.0,3,1
31.5,18328.0,5.7,3,2.3,120.0,运营部,55.0,0,0
26.4,13239.0,5.0,3,20.8,120.0,运营部,53.0,3,0
0.6,7701.0,3.4,5,70.3,4.0,市场部,25.0,2,0
4.1,12230.0,1.2,4,30.3,40.0,技术部,35.0,2,1
7.7,10173.0,0.0,2,17.7,42.0,市场部,32.0,3,0
3.9,9359.0,2.4,4,16.3,120.0,销售部,26.0,3,0
18.1,12319.0,2.5,4,3.5,120.0,市场部,45.0,1,0
6.2,11775.0,7.3,4,47.5,29.0,财务部,31.0,1,0
11.8,9118.0,1.7,3,28.2,120.0,市场部,33.0,2,0
0.0,6854.0,5.4,4,72.0,0.0,销售部,25.0,0,1
11.5,12532.0,0.1,4,42.6,91.0,销售部,38.0,1,0
4.9,8518.0,5.4,3,46.6,24.0,人事部,27.0,1,1
8.8,12649.0,0.0,2,25.2,39.0,技术部,36.0,0,0
0.2,9017.0,10.3,3,8.2,1.0,销售部,27.0,2,1
23.7,16360.0,3.6,2,12.5,120.0,运营部,53.0,1,0
2.7,9354.0,0.0,3,2.6,29.0,技术部,27.0,1,0
16.0,15579.0,1.8,4,48.2,120.0,市场部,39.0,4,1
0.0,8585.0,1.4,4,22.3,0.0,销售部,29.0,2,1
0.0,10649.0,2.0,2,49.1,120.0,技术部,25.0,3,1
8.7,8519.0,2.9,2,32.7,120.0,市场部,29.0,1,0
0.0,8237.0,2.0,4,24.1,120.0,财务部,24.0,1,0
4.6,11211.0,1.6,3,6.6,34.0,销售部,27.0,2,0
8.6,12502.0,0.5,2,36.0,81.0,技术部,38.0,0,0
15.5,15145.0,6.5,4,25.6,70.0,技术部,44.0,2,0
0.0,7071.0,7.6,3,48.0,0.0,财务部,25.0,1,0
5.4,7699.0,3.2,2,15.7,29.0,运营部,37.0,1,0
17.7,17987.0,3.9,4,42.3,120.0,销售部,41.0,5,1
0.8,9901.0,0.6,4,62.8,120.0,销售部,30.0,2,1
10.2,11619.0,4.2,3,35.5,120.0,市场部,34.0,1,0
0.0,8995.0,4.7,4,45.7,0.0,市场部,24.0,1,1
1.8,10853.0,3.3,5,41.4,120.0,销售部,29.0,0,0
16.3,18746.0,5.2,2,68.0,120.0,技术部,37.0,2,0
34.9,17995.0,4.9,4,37.4,120.0,财务部,55.0,3,1
34.3,17848.0,0.8,3,44.0,120.0,市场部,55.0,2,0
32.5,17051.0,7.6,3,29.3,120.0,市场部,54.0,4,1
12.9,12370.0,3.4,3,14.5,120.0,销售部,36.0,5,0
0.0,6611.0,9.0,3,5.8,120.0,运营部,25.0,0,1
6.8,8825.0,5.3,3,55.3,56.0,财务部,33.0,3,0
0.4,8086.0,9.9,4,9.8,120.0,市场部,30.0,2,0
0.0,7859.0,7.5,3,44.9,0.0,销售部,22.0,3,1
0.0,6443.0,4.7,5,38.3,120.0,人事部,25.0,2,1
12.3,9362.0,1.8,3,48.4,120.0,运营部,37.0,4,0
2.6,11688.0,1.9,4,19.7,14.0,技术部,33.0,3,0
0.0,7324.0,5.6,4,14.2,0.0,运营部,28.0,1,0
17.1,14026.0,4.4,3,37.6,63.0,人事部,46.0,2,0
3.2,13732.0,2.2,4,24.2,120.0,技术部,34.0,3,1
22.8,12735.0,6.5,4,5.4,118.0,人事部,50.0,1,0
3.7,9786.0,4.1,3,68.8,33.0,技术部,30.0,0,0
9.3,14208.0,6.5,3,14.2,120.0,技术部,40.0,1,0
2.5,9759.0,1.1,4,10.1,120.0,技术部,28.0,2,1
8.3,10886.0,7.0,4,25.2,120.0,市场部,38.0,3,0
6.4,11119.0,5.5,3,55.1,120.0,财务部,27.0,4,0
7.0,8244.0,7.6,4,0.0,72.0,市场部,27.0,1,1
15.7,16206.0,6.9,3,53.4,120.0,技术部,42.0,2,0
10.1,12794.0,3.7,3,11.8,98.0,销售部,31.0,2,0
0.0,7407.0,3.5,4,35.3,120.0,运营部,28.0,2,1
32.9,13635.0,9.3,5,16.5,106.0,运营部,53.0,3,0
0.0,5798.0,3.1,3,69.8,120.0,人事部,23.0,2,1
18.1,21018.0,6.2,3,32.5,120.0,技术部,41.0,2,0
8.4,8843.0,2.9,3,15.8,82.0,人事部,40.0,2,0
5.4,9088.0,0.0,4,24.0,45.0,人事部,30.0,3,1
16.7,14397.0,0.3,3,31.8,96.0,财务部,37.0,6,0
4.7,10237.0,5.2,3,33.6,23.0,技术部,25.0,1,0
19.4,14500.0,6.1,3,38.8,69.0,运营部,46.0,5,0
0.0,7247.0,5.2,5,30.0,0.0,市场部,29.0,2,0
0.0,9742.0,7.4,3,2.5,0.0,技术部,28.0,0,0
8.0,10579.0,5.2,4,23.2,120.0,销售部,32.0,4,0
26.2,20424.0,1.7,2,42.1,120.0,市场部,52.0,4,0
26.8,19070.0,5.8,2,16.6,120.0,技术部,48.0,5,1
26.7,16198.0,4.5,2,43.5,120.0,销售部,53.0,0,0
16.8,16337.0,2.3,3,30.6,120.0,市场部,44.0,3,0
21.0,11519.0,5.4,3,25.6,120.0,运营部,44.0,2,1
10.7,17727.0,4.2,3,53.9,69.0,技术部,38.0,2,0
21.2,17005.0,2.2,3,0.0,120.0,财务部,52.0,6,0
19.0,12663.0,3.5,1,16.5,88.0,运营部,39.0,1,1
11.3,11252.0,8.2,3,54.6,31.0,人事部,34.0,0,0
20.5,14279.0,8.1,2,66.6,120.0,运营部,43.0,0,1
18.5,12722.0,4.6,2,75.7,120.0,销售部,40.0,1,0
4.0,9394.0,4.2,1,31.0,120.0,人事部,26.0,3,0
7.5,11385.0,0.0,4,39.2,120.0,运营部,35.0,3,0
10.8,13969.0,9.2,5,46.3,93.0,销售部,32.0,2,1
21.1,16489.0,7.1,4,55.5,120.0,市场部,50.0,1,1
4.4,10222.0,6.3,2,36.3,18.0,财务部,35.0,1,1
17.9,15147.0,0.0,5,48.5,65.0,市场部,49.0,2,1
9.1,10080.0,4.1,5,39.2,120.0,销售部,37.0,2,1
24.6,14370.0,3.6,3,40.4,120.0,运营部,47.0,4,0
5.0,8407.0,6.0,2,11.6,120.0,运营部,26.0,2,0
30.2,19132.0,2.6,4,23.4,120.0,市场部,53.0,3,0
6.5,9235.0,3.3,5,19.5,49.0,人事部,38.0,0,1
0.0,8551.0,5.9,4,6.2,0.0,市场部,31.0,0,0
5.4,9092.0,1.7,4,0.0,120.0,人事部,30.0,2,1
7.1,9781.0,2.3,4,21.5,120.0,财务部,31.0,0,0
7.9,12654.0,4.6,5,24.7,30.0,市场部,34.0,2,0
22.5,21665.0,8.0,2,32.1,73.0,技术部,46.0,3,0
21.2,12960.0,6.4,2,41.1,120.0,财务部,53.0,3,0
21.3,13229.0,7.2,4,33.8,120.0,销售部,44.0,3,1
15.6,15531.0,4.2,2,24.9,120.0,销售部,40.0,2,0
11.8,12643.0,8.5,3,11.7,120.0,销售部,37.0,3,0
27.5,17224.0,0.0,3,47.5,104.0,运营部,49.0,2,0
25.4,18735.0,10.1,3,28.0,120.0,技术部,50.0,0,0
1.7,6626.0,10.5,1,21.3,17.0,人事部,32.0,2,0
31.3,15655.0,5.4,4,26.3,120.0,运营部,53.0,3,0
8.0,15437.0,6.5,3,15.3,59.0,技术部,35.0,5,0
23.1,18805.0,3.9,4,19.4,120.0,财务部,48.0,2,0
32.0,21339.0,3.4,3,18.8,120.0,财务部,54.0,1,0
24.9,15630.0,2.2,5,24.3,120.0,市场部,45.0,2,0
3.7,8901.0,3.9,4,43.1,20.0,人事部,27.0,1,0
20.3,11768.0,5.7,5,38.1,120.0,市场部,41.0,1,1
1.5,8437.0,5.3,3,60.9,4.0,市场部,26.0,0,1
18.3,17382.0,10.0,1,54.2,120.0,市场部,48.0,1,0
2.4,7876.0,4.3,4,69.1,20.0,人事部,31.0,3,0
13.6,15949.0,0.0,4,41.2,120.0,财务部,45.0,1,1
26.9,15261.0,8.9,2,40.9,106.0,市场部,52.0,5,0
0.0,6216.0,0.3,4,20.3,120.0,运营部,28.0,3,1
7.0,9680.0,2.3,4,46.5,46.0,人事部,35.0,1,1
20.4,15207.0,4.8,2,16.9,120.0,运营部,43.0,1,0
12.4,9885.0,5.3,4,0.6,120.0,人事部,36.0,3,0
1.6,9543.0,0.0,3,60.5,120.0,市场部,28.0,2,1
0.0,5818.0,1.8,1,5.0,120.0,人事部,23.0,1,0
9.5,13470.0,0.0,5,38.8,120.0,销售部,35.0,1,1
20.3,16325.0,5.9,3,12.4,120.0,销售部,43.0,1,0
9.1,10414.0,7.6,4,52.5,120.0,市场部,41.0,2,1
5.6,8973.0,0.3,4,55.3,15.0,运营部,27.0,1,0
5.5,11561.0,7.0,5,40.6,61.0,财务部,37.0,3,0
4.3,10021.0,6.8,3,54.9,31.0,市场部,34.0,1,0
0.9,7860.0,2.0,3,30.1,7.0,市场部,31.0,3,0
16.5,13323.0,0.0,3,74.7,120.0,销售部,46.0,4,0
9.5,12657.0,0.8,4,44.9,45.0,财务部,32.0,1,0
12.4,13258.0,2.2,3,12.0,120.0,市场部,40.0,3,0
22.9,18406.0,8.6,4,31.4,120.0,财务部,52.0,2,1
11.1,13183.0,3.6,3,26.9,120.0,市场部,40.0,1,0
18.7,17479.0,1.0,2,25.0,120.0,销售部,42.0,1,1
1.8,6197.0,4.4,5,0.0,120.0,运营部,24.0,1,0
4.1,9009.0,0.1,4,37.7,44.0,市场部,28.0,3,1
0.0,10749.0,5.5,3,2.3,0.0,技术部,25.0,1,0
20.1,12679.0,1.1,4,0.0,120.0,市场部,47.0,2,1
20.0,13330.0,1.5,3,23.1,120.0,财务部,50.0,3,0
0.0,11231.0,5.1,4,14.9,0.0,技术部,28.0,2,0
0.9,10767.0,9.3,3,12.8,120.0,销售部,29.0,4,0
9.8,15093.0,10.6,4,0.0,120.0,技术部,33.0,2,1
16.3,11044.0,0.9,2,13.0,120.0,财务部,42.0,2,0
19.0,15238.0,2.2,3,26.5,57.0,人事部,43.0,4,0
22.2,11700.0,5.5,4,17.3,120.0,运营部,45.0,2,0
31.9,16235.0,7.5,3,37.7,120.0,市场部,52.0,4,0
7.9,11117.0,0.0,2,57.9,70.0,运营部,32.0,0,0
20.9,18021.0,4.3,3,40.3,120.0,销售部,44.0,2,0
13.1,13341.0,2.5,3,50.5,87.0,人事部,40.0,5,0
11.3,12416.0,0.0,4,52.2,61.0,财务部,32.0,1,0
28.8,16763.0,0.0,3,9.6,112.0,人事部,52.0,0,0
4.5,7114.0,2.3,4,38.8,12.0,人事部,25.0,2,0
17.3,13226.0,4.2,5,49.9,120.0,财务部,45.0,1,0
19.2,19115.0,7.0,3,21.3,120.0,销售部,46.0,2,0
28.0,19910.0,5.1,4,14.2,120.0,财务部,52.0,2,1
17.2,11289.0,6.8,2,40.6,50.0,人事部,39.0,1,0
1.5,7903.0,4.1,3,0.4,5.0,运营部,33.0,4,0
22.0,13028.0,1.9,2,8.2,120.0,运营部,49.0,4,0
18.9,15178.0,3.4,2,16.7,120.0,销售部,47.0,2,0
12.6,14155.0,6.1,2,39.0,80.0,财务部,39.0,3,0
17.3,15170.0,7.1,2,34.4,120.0,技术部,47.0,4,0
0.2,7621.0,3.6,4,50.6,2.0,人事部,31.0,1,0
16.4,14228.0,1.2,4,11.6,120.0,运营部,41.0,1,1
22.7,21406.0,5.0,5,10.5,120.0,技术部,51.0,1,1
9.2,10429.0,5.4,4,40.5,76.0,财务部,32.0,2,0
10.2,9773.0,7.7,4,14.0,120.0,运营部,38.0,0,0
28.2,13133.0,2.0,3,17.9,120.0,运营部,53.0,3,0
27.9,14931.0,2.0,4,0.0,120.0,市场部,48.0,0,0
19.5,16903.0,6.3,3,35.8,120.0,技术部,51.0,1,0
4.6,7786.0,2.8,5,60.8,120.0,运营部,35.0,4,1
31.5,14448.0,2.7,5,9.4,120.0,运营部,55.0,1,1
0.0,7413.0,7.8,3,50.4,0.0,财务部,27.0,1,0
15.2,9332.0,0.0,4,28.8,120.0,运营部,39.0,2,1
12.5,18716.0,10.2,4,0.0,120.0,技术部,38.0,3,0
17.8,12539.0,2.2,4,12.1,120.0,财务部,48.0,4,1
28.3,21637.0,6.6,2,10.9,120.0,技术部,52.0,0,0
20.6,15570.0,3.7,4,23.7,120.0,运营部,46.0,1,1
15.0,10200.0,4.8,4,38.4,66.0,人事部,43.0,1,0
14.4,10980.0,3.2,3,67.0,45.0,运营部,36.0,3,1
13.9,14372.0,6.6,4,1.4,91.0,财务部,39.0,1,1
15.3,17165.0,3.0,2,20.3,120.0,技术部,39.0,0,0
0.0,8563.0,2.3,5,12.1,0.0,技术部,23.0,1,0
17.4,14586.0,9.4,2,4.6,120.0,市场部,39.0,5,0
27.2,16352.0,4.1,3,31.9,120.0,人事部,50.0,1,0
16.5,17258.0,2.0,3,30.0,120.0,技术部,45.0,2,0
26.1,12096.0,0.0,4,0.0,120.0,运营部,48.0,3,1
9.9,9921.0,9.6,4,30.4,114.0,销售部,35.0,1,1
10.4,13483.0,2.3,1,5.9,120.0,市场部,39.0,0,0
0.0,7610.0,10.2,3,30.2,0.0,销售部,23.0,5,1
13.9,10287.0,5.2,4,55.4,120.0,市场部,35.0,3,0
7.8,11344.0,4.4,3,39.3,57.0,市场部,38.0,1,0
1.3,13305.0,4.5,1,33.6,5.0,技术部,30.0,2,0
0.0,5985.0,10.6,5,19.4,0.0,财务部,23.0,5,0
15.8,10296.0,0.0,3,31.3,120.0,人事部,45.0,2,0
7.3,9450.0,4.6,4,41.3,52.0,运营部,36.0,1,0
8.8,13140.0,3.2,3,39.3,75.0,销售部,36.0,2,0
3.3,8165.0,3.4,4,28.0,120.0,运营部,30.0,5,0
11.2,12768.0,4.4,4,34.3,120.0,运营部,40.0,3,1
4.0,7506.0,3.2,3,3.7,11.0,运营部,36.0,2,0
11.1,11158.0,4.6,4,15.3,41.0,市场部,38.0,3,1
11.3,10505.0,3.9,5,44.2,110.0,运营部,41.0,2,0
0.0,6833.0,0.1,4,46.8,120.0,财务部,22.0,2,1
21.7,20879.0,5.1,3,31.9,120.0,技术部,52.0,3,0
0.0,9332.0,6.1,3,59.6,0.0,销售部,24.0,0,0
14.7,10422.0,2.4,5,40.2,120.0,人事部,37.0,2,1
7.0,13915.0,9.6,2,25.3,80.0,技术部,29.0,3,1
12.0,10518.0,8.0,1,5.6,103.0,市场部,39.0,2,0
5.6,9007.0,6.5,3,58.8,31.0,人事部,31.0,6,0
23.2,19934.0,6.5,4,45.4,59.0,技术部,50.0,1,0
5.4,10492.0,4.1,3,66.0,46.0,市场部,35.0,4,1
11.8,11880.0,7.4,3,73.3,120.0,销售部,43.0,1,0
5.0,11223.0,8.7,4,4.3,19.0,财务部,30.0,1,0
0.0,9527.0,6.4,3,4.3,0.0,销售部,23.0,5,0
12.6,11976.0,2.3,3,0.0,120.0,运营部,35.0,2,0
13.6,19134.0,3.9,3,48.4,41.0,技术部,40.0,1,0
16.7,9961.0,5.7,3,43.1,120.0,运营部,37.0,1,0
28.0,15954.0,6.5,5,32.0,120.0,人事部,54.0,2,0
18.5,12058.0,3.8,3,5.5,120.0,运营部,45.0,1,0
26.2,18180.0,2.3,4,28.2,120.0,运营部,55.0,2,0
4.2,9287.0,8.8,3,33.7,44.0,销售部,32.0,2,0
23.7,12739.0,0.8,2,45.7,120.0,运营部,48.0,2,0
19.9,15024.0,1.2,2,35.5,101.0,财务部,40.0,1,1
20.6,10844.0,0.0,4,43.3,120.0,运营部,42.0,2,1
23.3,16634.0,1.2,3,27.5,86.0,运营部,55.0,2,0
12.9,11958.0,7.7,3,53.6,119.0,财务部,44.0,1,0
28.1,18541.0,7.8,5,42.6,120.0,市场部,52.0,1,1
22.9,23127.0,3.8,3,6.3,120.0,技术部,46.0,0,1
0.8,10937.0,5.5,5,57.8,9.0,技术部,26.0,3,0
16.7,12471.0,4.0,3,54.5,110.0,市场部,45.0,5,0
13.7,9177.0,0.4,3,39.3,120.0,人事部,38.0,4,0
31.2,14754.0,10.7,4,35.6,120.0,财务部,52.0,4,0
24.2,13527.0,8.1,3,63.2,79.0,市场部,49.0,2,0
1.9,9229.0,5.1,3,0.0,21.0,销售部,25.0,1,0
2.1,7815.0,1.4,2,54.8,120.0,财务部,26.0,1,0
2.0,7178.0,3.3,2,20.5,12.0,财务部,24.0,1,0
10.1,9364.0,1.9,4,51.9,120.0,运营部,38.0,2,1
0.0,8227.0,4.3,3,32.4,0.0,人事部,25.0,0,0
22.7,13086.0,4.9,5,5.1,120.0,财务部,46.0,3,1
13.4,10521.0,3.0,3,20.1,59.0,运营部,40.0,1,0
24.1,16134.0,0.0,3,50.4,120.0,市场部,50.0,2,0
1.4,6431.0,10.4,3,25.8,4.0,运营部,31.0,1,0
7.5,13261.0,4.7,4,17.6,30.0,市场部,39.0,1,0
4.4,9584.0,5.4,5,17.4,51.0,技术部,26.0,1,1
20.4,16878.0,2.7,4,42.8,120.0,市场部,51.0,1,1
0.0,11209.0,0.0,1,65.0,0.0,技术部,28.0,0,1
0.0,11321.0,3.8,3,0.0,120.0,技术部,25.0,1,0
4.5,8829.0,3.0,4,86.0,15.0,运营部,29.0,2,0
24.9,16281.0,6.1,1,34.1,120.0,人事部,49.0,2,0
4.9,9301.0,6.7,4,41.6,28.0,销售部,25.0,1,0
10.2,11056.0,6.3,3,21.3,70.0,运营部,42.0,2,0
19.7,21059.0,7.0,3,29.9,120.0,技术部,47.0,2,0
22.2,17505.0,9.4,3,33.9,120.0,销售部,47.0,0,0
1.5,7685.0,5.2,3,9.0,10.0,人事部,28.0,0,0
3.5,8055.0,7.3,5,13.9,30.0,销售部,24.0,3,0
14.9,10186.0,5.5,4,53.7,49.0,人事部,37.0,4,0
1.5,7344.0,0.0,5,0.0,14.0,运营部,29.0,1,0
18.8,15160.0,3.5,4,38.8,120.0,技术部,45.0,0,1
4.6,12595.0,1.4,3,22.6,120.0,技术部,34.0,4,0
9.1,8198.0,4.7,3,10.8,59.0,运营部,37.0,0,0
0.0,8105.0,1.6,3,69.4,0.0,财务部,26.0,1,0
11.2,13401.0,5.8,4,10.9,120.0,财务部,41.0,1,1
7.2,9880.0,6.9,3,7.4,82.0,市场部,28.0,0,0
15.7,14804.0,7.6,5,26.3,120.0,市场部,44.0,1,1
0.0,5472.0,8.9,4,14.6,0.0,人事部,24.0,0,0
30.7,15026.0,0.0,4,30.1,120.0,财务部,54.0,3,0
22.7,21455.0,0.4,4,33.1,120.0,技术部,45.0,1,1
5.4,10404.0,12.8,4,34.7,120.0,财务部,28.0,3,0
0.0,7142.0,7.0,4,27.5,0.0,人事部,22.0,4,0
6.7,14249.0,4.7,4,16.0,120.0,技术部,33.0,0,0
5.4,9887.0,4.1,3,42.9,120.0,市场部,27.0,4,0
1.1,8452.0,3.8,4,27.8,8.0,人事部,29.0,2,0
29.7,19169.0,0.0,3,20.1,120.0,财务部,51.0,1,0
21.7,20844.0,1.7,4,59.6,120.0,技术部,42.0,2,1
4.2,9750.0,3.7,4,27.6,29.0,技术部,28.0,1,0
17.7,11175.0,1.9,3,51.8,79.0,财务部,40.0,4,1
0.0,8028.0,2.2,4,54.5,0.0,市场部,30.0,3,0
30.4,16543.0,11.7,3,55.8,120.0,运营部,54.0,2,0
0.3,8299.0,3.2,4,43.8,1.0,财务部,23.0,2,0
23.6,13129.0,4.8,4,30.0,75.0,运营部,46.0,3,1
23.5,15917.0,4.7,4,28.7,120.0,销售部,48.0,4,0
0.0,8456.0,5.8,4,25.1,120.0,市场部,24.0,0,1
0.0,9591.0,2.6,3,0.0,0.0,技术部,28.0,1,0
10.6,12829.0,7.7,2,44.4,112.0,财务部,35.0,3,0
23.5,15662.0,5.3,4,34.9,120.0,销售部,51.0,2,0
14.2,12118.0,0.1,3,46.5,120.0,市场部,40.0,2,0
13.8,12831.0,3.7,2,27.7,120.0,市场部,44.0,7,0
21.2,15622.0,3.5,2,43.3,120.0,销售部,48.0,4,1
25.5,17137.0,3.3,3,2.4,94.0,技术部,49.0,2,0
9.6,10391.0,5.5,5,6.6,120.0,财务部,38.0,2,0
9.2,9838.0,5.9,3,0.0,60.0,运营部,39.0,2,0
20.4,15250.0,5.5,3,27.3,120.0,销售部,46.0,4,0
0.0,9638.0,5.0,5,14.5,0.0,市场部,31.0,2,0
19.5,13873.0,4.3,5,11.9,120.0,销售部,50.0,3,1
0.6,6510.0,0.0,3,36.7,4.0,人事部,23.0,1,1
0.0,6683.0,6.3,5,21.5,120.0,市场部,28.0,1,1
20.8,16205.0,5.5,2,1.3,120.0,运营部,48.0,2,0
6.6,12608.0,1.0,4,80.9,73.0,销售部,33.0,1,1
0.8,12731.0,4.8,1,29.3,5.0,技术部,27.0,1,0
0.0,9545.0,5.9,3,8.3,0.0,财务部,28.0,2,0
12.7,11616.0,7.5,3,16.6,105.0,财务部,40.0,3,0
23.5,15697.0,5.5,4,26.5,120.0,运营部,50.0,1,1
3.4,6875.0,5.0,1,26.5,35.0,运营部,24.0,3,0
0.0,7746.0,6.8,3,56.0,0.0,运营部,23.0,0,0
6.1,10386.0,3.1,4,28.4,120.0,财务部,37.0,1,0
25.5,16346.0,5.2,2,67.1,120.0,市场部,54.0,3,0
10.4,12507.0,2.1,5,21.4,69.0,市场部,31.0,2,0
23.4,24752.0,7.3,3,38.5,120.0,技术部,54.0,4,0
21.1,18831.0,0.0,3,50.4,120.0,市场部,51.0,0,0
4.4,7877.0,6.5,3,53.9,43.0,市场部,31.0,1,1
28.7,19936.0,4.1,3,56.2,120.0,技术部,49.0,0,0
18.3,14588.0,6.9,3,24.6,120.0,销售部,45.0,2,0
18.3,13101.0,1.7,4,29.9,120.0,财务部,39.0,1,0
12.2,11713.0,4.3,4,0.0,120.0,市场部,36.0,3,0
21.5,12910.0,4.2,3,26.1,120.0,运营部,49.0,0,0
17.0,16296.0,5.3,3,51.8,120.0,市场部,48.0,1,0
22.7,12478.0,0.9,4,47.9,120.0,运营部,47.0,1,1
24.7,18541.0,5.9,3,28.3,120.0,财务部,55.0,1,0
7.0,16460.0,0.0,4,64.0,120.0,技术部,38.0,3,1
28.7,19579.0,2.0,5,22.3,120.0,销售部,49.0,2,1
27.1,14340.0,0.0,3,15.7,103.0,人事部,50.0,3,0
0.5,7395.0,6.5,4,20.6,2.0,财务部,29.0,1,0
0.0,6996.0,5.2,5,7.6,0.0,销售部,23.0,1,0
10.3,12415.0,5.4,4,42.4,61.0,财务部,35.0,1,0
22.1,14151.0,8.4,5,35.8,60.0,运营部,50.0,1,0
4.7,7972.0,3.1,3,42.2,26.0,市场部,32.0,3,0
16.1,21676.0,5.8,4,21.7,95.0,技术部,45.0,2,1
0.0,8580.0,4.2,3,28.8,0.0,销售部,22.0,3,0
13.0,11980.0,3.7,1,0.0,67.0,运营部,34.0,2,0
20.1,12569.0,7.9,5,37.5,120.0,人事部,42.0,1,0
4.4,9342.0,10.2,3,32.0,42.0,运营部,26.0,0,1
20.8,12638.0,2.7,5,8.0,120.0,运营部,52.0,1,0
0.0,9147.0,6.5,4,27.9,0.0,技术部,27.0,2,0
22.4,20704.0,5.0,5,24.8,120.0,销售部,52.0,0,1
7.6,14841.0,5.0,5,65.3,120.0,技术部,29.0,1,1
28.1,23222.0,4.7,4,8.8,120.0,技术部,55.0,1,1
19.8,10913.0,3.0,5,36.6,120.0,运营部,42.0,1,0
0.6,6531.0,0.0,4,8.2,3.0,运营部,25.0,2,1
0.8,11114.0,8.6,4,18.8,6.0,技术部,24.0,0,0
0.0,7787.0,1.9,4,35.5,0.0,人事部,24.0,0,0
19.3,13156.0,3.3,3,25.8,120.0,财务部,41.0,2,0
21.2,16710.0,3.3,1,29.9,120.0,技术部,49.0,1,0
3.2,9491.0,1.6,3,36.7,120.0,运营部,35.0,3,0
8.8,11154.0,4.7,3,20.1,54.0,运营部,37.0,2,0
20.0,13720.0,3.9,3,47.7,120.0,财务部,41.0,2,0
9.1,10992.0,1.9,4,23.9,69.0,人事部,40.0,3,1
17.3,16980.0,4.4,4,28.0,120.0,市场部,45.0,1,0
12.5,9860.0,3.9,4,37.2,35.0,人事部,38.0,1,0
18.1,14944.0,6.8,5,34.5,120.0,市场部,46.0,4,0
24.5,16120.0,0.0,5,42.9,110.0,运营部,55.0,1,1
8.3,14263.0,1.6,5,36.3,120.0,技术部,34.0,2,0
0.0,9216.0,6.2,4,39.4,0.0,销售部,22.0,4,1
0.6,7521.0,2.1,3,23.5,120.0,运营部,26.0,3,0
19.1,15250.0,1.3,5,8.6,120.0,销售部,40.0,4,1
3.6,9033.0,2.2,3,1.4,120.0,销售部,33.0,2,0
31.5,17760.0,3.7,3,0.0,120.0,人事部,53.0,3,0
18.3,13237.0,3.7,3,65.3,91.0,销售部,43.0,0,0
14.4,10319.0,3.4,4,0.0,120.0,财务部,39.0,3,1
24.6,17651.0,0.9,4,53.9,97.0,销售部,48.0,3,1
6.2,11194.0,6.3,1,13.6,70.0,销售部,31.0,4,1
21.6,16918.0,8.0,4,53.7,120.0,运营部,49.0,2,1
0.0,8712.0,0.0,3,0.0,0.0,销售部,22.0,4,0
19.9,21152.0,0.0,3,25.3,120.0,技术部,42.0,2,0
22.6,13912.0,7.0,3,59.1,120.0,人事部,53.0,1,0
16.4,13078.0,8.7,3,44.3,120.0,运营部,48.0,1,0
24.5,25365.0,0.0,4,23.3,120.0,技术部,50.0,2,0
11.1,9982.0,6.4,2,0.0,120.0,人事部,35.0,2,0
28.4,19123.0,8.9,3,3.6,120.0,财务部,49.0,2,0
19.6,12658.0,1.4,1,57.8,76.0,人事部,40.0,0,0
17.3,15913.0,8.7,4,23.0,120.0,技术部,42.0,2,1
0.0,7060.0,3.5,5,28.6,0.0,运营部,24.0,2,0
0.2,7444.0,4.9,4,35.7,1.0,财务部,29.0,3,0
15.8,9490.0,1.8,4,3.9,85.0,运营部,40.0,3,0
0.0,6797.0,7.0,5,38.1,0.0,市场部,24.0,1,0
20.9,11906.0,6.5,3,21.6,71.0,运营部,46.0,3,0
26.7,15971.0,9.2,2,35.9,120.0,财务部,50.0,2,0
26.9,25806.0,8.3,4,18.4,120.0,技术部,52.0,2,0
2.5,7092.0,4.0,3,0.0,7.0,运营部,25.0,1,0
22.4,16829.0,13.3,3,21.5,85.0,人事部,53.0,5,1
0.0,8546.0,8.1,3,42.8,0.0,销售部,24.0,2,0
10.1,9412.0,5.6,3,37.9,27.0,财务部,38.0,1,0
25.3,14498.0,1.0,3,30.6,120.0,市场部,50.0,1,0
0.0,8911.0,0.0,3,48.0,120.0,财务部,24.0,1,0
0.0,6984.0,0.0,2,25.9,0.0,运营部,23.0,1,0
0.0,7857.0,1.2,5,31.1,0.0,运营部,23.0,0,0
17.4,13549.0,8.1,4,20.4,120.0,销售部,39.0,6,1
18.2,14660.0,5.5,2,49.1,120.0,运营部,49.0,3,0
0.0,8760.0,2.2,2,35.8,120.0,市场部,26.0,5,1
2.6,9020.0,3.6,2,18.9,31.0,人事部,26.0,3,0
10.5,8900.0,3.2,2,0.2,53.0,人事部,41.0,3,0
9.3,12234.0,6.4,2,52.1,22.0,市场部,30.0,4,0
22.2,14675.0,1.4,3,15.1,61.0,市场部,46.0,3,1
26.6,19605.0,5.0,4,31.4,89.0,市场部,53.0,1,0
22.9,14319.0,4.9,4,77.1,120.0,运营部,47.0,2,1
25.3,17142.0,1.5,4,46.0,120.0,市场部,51.0,1,1
15.8,13506.0,8.8,4,62.2,120.0,销售部,39.0,0,1
27.4,19041.0,3.1,4,19.2,120.0,市场部,49.0,0,0
7.6,9683.0,1.0,4,51.4,120.0,销售部,28.0,5,1
2.1,7995.0,6.6,5,30.5,120.0,市场部,24.0,2,0
12.6,17467.0,4.2,4,37.3,120.0,技术部,44.0,1,0
0.0,10838.0,5.2,4,70.4,0.0,技术部,24.0,1,1
25.1,14833.0,0.4,4,24.4,88.0,人事部,51.0,1,0
20.4,20669.0,6.4,4,30.4,120.0,技术部,45.0,1,1
24.5,16751.0,10.5,3,11.9,120.0,财务部,53.0,2,0
10.3,10397.0,0.2,2,47.8,102.0,人事部,32.0,3,0
14.7,12168.0,5.1,3,18.8,92.0,人事部,38.0,3,0
18.1,15736.0,1.6,2,50.5,120.0,市场部,46.0,5,1
4.3,11627.0,12.1,3,0.0,29.0,销售部,30.0,2,0
10.8,11122.0,7.7,1,41.0,97.0,运营部,40.0,1,0
13.2,10454.0,4.8,3,17.1,74.0,运营部,44.0,1,0
24.1,18136.0,0.3,5,44.6,103.0,财务部,54.0,2,1
24.8,17292.0,1.0,3,29.7,120.0,技术部,47.0,3,0
4.9,10246.0,6.2,3,19.3,53.0,技术部,26.0,3,0
16.0,15848.0,0.0,3,22.3,120.0,销售部,38.0,3,0
11.6,15790.0,0.0,3,13.0,120.0,技术部,41.0,4,0
0.0,7239.0,4.0,4,46.8,0.0,运营部,27.0,5,1
4.9,13644.0,4.4,4,9.0,120.0,销售部,36.0,3,0
7.4,9963.0,5.1,1,24.7,71.0,销售部,31.0,2,0
0.0,5744.0,2.7,4,36.9,0.0,运营部,26.0,2,1
12.6,9402.0,6.8,2,62.3,120.0,人事部,39.0,0,0
0.0,7950.0,1.4,4,29.8,0.0,销售部,27.0,1,1
14.4,14207.0,5.9,5,25.1,46.0,市场部,41.0,1,0
6.2,10482.0,4.6,5,35.5,69.0,财务部,28.0,1,1
25.0,16317.0,5.8,3,0.0,120.0,财务部,46.0,1,0
0.0,6657.0,7.5,4,6.0,120.0,运营部,28.0,2,1
26.9,15596.0,2.6,4,22.5,120.0,运营部,52.0,1,0
0.0,5404.0,2.0,5,15.7,0.0,运营部,23.0,5,1
14.7,17836.0,0.0,3,0.0,44.0,技术部,39.0,2,0
8.5,12251.0,0.0,3,47.2,24.0,销售部,33.0,1,0
0.0,6753.0,3.5,3,35.2,120.0,财务部,29.0,6,0
17.2,19248.0,3.7,1,32.8,85.0,技术部,38.0,2,0
28.6,19034.0,0.7,4,16.1,120.0,市场部,50.0,4,1
22.5,19565.0,1.4,3,31.6,120.0,技术部,52.0,3,0
5.4,9374.0,8.6,3,40.3,120.0,运营部,32.0,2,0
5.5,12378.0,6.6,4,24.7,38.0,技术部,27.0,2,1
25.6,17854.0,0.2,3,38.9,120.0,技术部,46.0,2,0
18.3,13327.0,2.7,5,14.1,120.0,销售部,41.0,4,0
5.9,13297.0,5.2,4,31.9,59.0,技术部,29.0,0,0
26.8,19256.0,2.1,5,52.8,120.0,财务部,47.0,2,1
16.4,13531.0,1.6,4,54.6,120.0,市场部,39.0,2,1
15.1,12591.0,3.0,2,56.6,120.0,运营部,44.0,4,0
3.7,11459.0,7.3,2,35.7,33.0,销售部,34.0,2,0
5.2,10192.0,7.5,5,30.6,120.0,财务部,36.0,1,0
3.3,7280.0,1.8,2,21.0,120.0,财务部,28.0,1,0
23.2,15040.0,5.4,3,0.0,85.0,财务部,47.0,0,0
0.0,8405.0,4.0,4,3.1,0.0,人事部,27.0,1,0
18.8,18463.0,1.0,3,26.6,47.0,销售部,48.0,1,0
21.6,18173.0,3.1,3,27.8,100.0,财务部,48.0,5,0
23.9,12269.0,0.2,3,58.2,120.0,人事部,47.0,3,0
0.0,6721.0,7.5,3,56.3,0.0,运营部,23.0,1,0
4.8,9936.0,8.7,4,16.3,120.0,财务部,31.0,1,1
10.5,10298.0,2.8,2,46.4,82.0,财务部,37.0,1,0
21.8,11616.0,2.1,3,20.5,120.0,运营部,42.0,3,0
20.5,17694.0,7.2,3,43.7,120.0,财务部,52.0,4,0
7.1,10119.0,7.6,4,46.1,27.0,运营部,34.0,0,0
23.9,22617.0,0.7,2,54.8,75.0,技术部,51.0,2,0
4.5,8116.0,3.6,3,20.1,27.0,市场部,27.0,1,0
4.8,13113.0,3.8,4,50.3,23.0,技术部,34.0,2,0
0.0,7995.0,1.7,3,0.0,0.0,技术部,24.0,2,0
25.9,13828.0,5.2,4,55.9,120.0,市场部,47.0,0,0
0.0,8920.0,1.9,3,29.5,0.0,销售部,27.0,0,0
2.1,8241.0,2.4,3,29.9,120.0,市场部,30.0,0,0
18.0,17557.0,3.7,3,0.0,45.0,市场部,48.0,2,0
17.5,13346.0,0.0,5,22.2,120.0,财务部,40.0,2,1
0.0,5476.0,0.0,3,57.1,0.0,运营部,22.0,2,1
0.0,5303.0,6.8,3,21.5,0.0,运营部,22.0,3,0
17.8,14618.0,1.8,4,44.3,120.0,市场部,39.0,2,0
10.7,10453.0,10.4,3,30.7,51.0,销售部,32.0,3,0
5.6,7341.0,9.9,4,51.3,120.0,人事部,28.0,2,0
18.6,17671.0,2.5,5,33.8,120.0,技术部,42.0,6,0
4.0,8422.0,11.0,4,11.4,24.0,财务部,30.0,2,0
13.0,13502.0,6.8,3,31.1,54.0,市场部,42.0,2,0
12.8,12917.0,2.1,3,62.0,120.0,销售部,35.0,3,1
0.0,6926.0,0.0,5,40.0,0.0,财务部,28.0,0,0
5.1,11113.0,6.1,3,27.7,120.0,销售部,27.0,2,0
2.8,9670.0,4.1,3,75.1,30.0,销售部,30.0,5,1
0.0,7780.0,5.3,5,53.2,120.0,财务部,23.0,3,1
2.0,8112.0,3.3,5,46.3,8.0,销售部,32.0,1,0
24.2,15733.0,0.6,3,36.3,120.0,人事部,52.0,1,0
20.4,18317.0,2.7,3,44.6,72.0,技术部,49.0,4,0
12.4,11554.0,6.1,4,45.3,120.0,市场部,34.0,0,1
20.9,11853.0,2.9,4,0.0,120.0,人事部,41.0,3,0
15.8,17547.0,2.9,3,37.9,38.0,销售部,41.0,1,0
27.9,13597.0,0.0,3,26.8,120.0,人事部,49.0,2,0
5.7,10109.0,4.3,3,20.0,43.0,人事部,30.0,3,0
9.3,11198.0,0.7,3,26.1,36.0,运营部,32.0,1,0
1.0,9587.0,6.8,2,0.0,120.0,销售部,32.0,3,0
0.0,6179.0,1.8,4,0.0,0.0,人事部,23.0,3,1
2.2,7920.0,3.1,2,54.9,120.0,运营部,32.0,1,0
22.4,17358.0,10.5,3,39.2,120.0,人事部,51.0,0,0
30.2,20557.0,3.1,4,0.0,115.0,销售部,52.0,4,1
5.4,8227.0,2.7,3,18.5,120.0,人事部,26.0,2,0
9.2,12058.0,5.8,3,47.6,120.0,技术部,37.0,0,0
7.3,12200.0,0.0,5,24.4,79.0,财务部,35.0,1,0
13.6,10352.0,7.8,2,54.9,120.0,市场部,38.0,2,0
14.3,10530.0,7.0,5,51.0,120.0,财务部,40.0,1,0
0.0,6779.0,5.6,2,2.9,0.0,财务部,23.0,1,0
27.1,21783.0,0.0,3,27.1,73.0,技术部,50.0,0,0
30.2,21008.0,3.2,4,21.0,120.0,财务部,54.0,1,0
19.0,14464.0,0.2,3,2.2,120.0,运营部,44.0,2,0
16.8,12272.0,7.4,4,0.9,120.0,市场部,44.0,2,0
7.5,11846.0,7.2,3,13.9,48.0,销售部,39.0,1,1
6.5,10259.0,5.2,4,17.2,120.0,运营部,33.0,0,1
0.0,10578.0,0.4,2,35.7,0.0,技术部,27.0,2,1
11.3,10794.0,8.5,4,50.9,120.0,市场部,41.0,2,1
1.6,7447.0,3.2,4,40.3,120.0,财务部,23.0,3,1
21.2,16375.0,9.4,3,45.0,120.0,市场部,49.0,3,0
10.2,12245.0,4.8,2,24.7,120.0,运营部,36.0,2,1
9.1,11946.0,5.5,3,42.1,97.0,市场部,36.0,0,1
12.5,8311.0,2.6,4,27.0,108.0,运营部,33.0,4,0
23.1,23518.0,8.2,3,21.2,120.0,技术部,54.0,4,0
0.0,6645.0,5.8,4,67.9,0.0,人事部,28.0,3,0
7.0,10819.0,8.3,2,0.0,39.0,财务部,27.0,0,0
4.4,9367.0,4.5,3,0.0,52.0,销售部,27.0,1,0
21.8,14479.0,3.9,4,37.7,120.0,销售部,44.0,0,1
25.6,15433.0,5.8,2,24.7,120.0,人事部,55.0,2,0
2.8,8173.0,8.3,3,1.3,7.0,财务部,30.0,3,0
29.9,15901.0,7.1,4,8.9,120.0,财务部,52.0,3,0
1.2,11896.0,4.4,4,11.5,120.0,技术部,31.0,1,0
18.8,15730.0,0.0,2,47.8,120.0,财务部,43.0,3,0
0.0,7603.0,6.4,2,54.2,120.0,运营部,23.0,1,0
13.4,15435.0,0.0,3,62.8,120.0,技术部,38.0,3,0
17.7,11690.0,4.1,4,0.0,113.0,市场部,44.0,1,0
14.2,12758.0,3.7,3,2.7,120.0,市场部,40.0,1,0
6.7,8621.0,0.0,4,1.3,18.0,运营部,30.0,2,0
23.9,15592.0,5.1,4,55.8,120.0,销售部,49.0,1,0
23.1,19369.0,10.5,5,38.3,91.0,市场部,54.0,2,0
11.0,12581.0,3.1,3,31.6,118.0,人事部,37.0,2,0
12.0,13710.0,6.3,3,34.6,120.0,技术部,43.0,4,0
21.4,15580.0,11.1,3,28.9,120.0,人事部,48.0,0,0
0.8,8248.0,6.6,2,7.6,7.0,人事部,30.0,2,0
27.5,13962.0,2.1,3,40.3,120.0,人事部,51.0,2,1
1.5,9434.0,4.7,5,26.3,11.0,财务部,31.0,0,0
24.8,12384.0,5.4,3,6.0,120.0,人事部,48.0,5,0
5.8,6750.0,8.3,2,41.5,16.0,人事部,26.0,1,0
10.1,11660.0,7.6,4,21.5,76.0,运营部,32.0,4,0
19.7,14700.0,0.0,5,34.5,120.0,市场部,40.0,1,1
7.6,10248.0,1.4,3,27.5,62.0,市场部,39.0,1,0
18.0,14798.0,3.8,4,47.8,66.0,财务部,50.0,1,0
25.9,22625.0,1.0,4,34.4,120.0,销售部,55.0,1,1
4.7,7761.0,0.0,3,12.3,32.0,运营部,26.0,0,0
0.2,9074.0,1.8,4,36.4,2.0,人事部,31.0,1,0
5.1,11613.0,4.0,3,37.1,45.0,财务部,34.0,2,0
14.0,12893.0,2.4,3,40.2,120.0,销售部,38.0,4,0
12.0,13049.0,1.0,3,50.7,120.0,市场部,38.0,2,0
22.1,16942.0,4.1,2,17.7,120.0,市场部,50.0,4,0
26.7,18168.0,5.0,4,43.4,120.0,财务部,47.0,2,0
